IDRSSD,FDIC Certificate Number,OCC Charter Number,OTS Docket Number,Primary ABA Routing Number,Financial Institution Name,Financial Institution Name Cleaned,Financial Institution Address,Financial Institution City,Financial Institution State,Financial Institution Zip Code,Financial Institution Zip Code 5,Financial Institution Filing Type,Last Date/Time Submission Updated On
37,10057,0,16553,61107146,BANK OF HANCOCK COUNTY,BANK OF HANCOCK COUNTY,12855 BROAD STREET ,SPARTA,GA,31087,31087,41,2014-10-24T16:36:37
242,3850,0,0,81220537,FIRST COMMUNITY BANK XENIA-FLORA,FIRST COMMUNITY BANK XENIA-FLORA,260 FRONT STREET ,XENIA,IL,62899,62899,41,2014-10-28T12:58:37
"279,28868,0,2523,311972526,""MINEOLA COMMUNITY BANK, SSB"",""MINEOLA COMMUNITY BANK, SSB"",215 W BROAD ,MINEOLA,TX,75773,75773,41,2014-10-28T14:04:07"
354,14083,0,0,101107475,BISON STATE BANK,BISON STATE BANK,223 MAIN STREET ,BISON,KS,67520,67520,41,2014-10-23T13:12:50
457,10202,0,0,91208332,LOWRY STATE BANK,LOWRY STATE BANK,400 FLORENCE AVE. ,LOWRY,MN,56349,56349,41,2014-10-14T11:52:12
505,6959,1253,0,21304675,BALLSTON SPA NATIONAL BANK,BALLSTON SPA NATIONAL BANK,87 FRONT STREET ,BALLSTON SPA,NY,12020,12020,41,2014-10-27T09:23:49
1155,17639,0,0,104900116,FIRST STATE BANK & TRUST COMPANY,FIRST STATE BANK AND TRUST COMPANY,1005 EAST 23RD ,FREMONT,NE,68025,68025,41,2014-10-17T16:07:04
1351,9392,0,0,81513969,BANK OF GRANDIN,BANK OF GRANDIN,403 5TH STREET ,GRANDIN,MO,63943,63943,41,2014-10-14T14:44:24
1454,19184,15359,0,102301199,HILLTOP NATIONAL BANK,HILLTOP NATIONAL BANK,300 COUNTRY CLUB ROAD ,CASPER,WY,82609,82609,41,2014-10-29T20:00:56
"1557,15328,0,0,101103068,""FIRST STATE BANK, KIOWA, KANSAS, THE"",""FIRST STATE BANK, KIOWA, KANSAS"",546 MAIN STREET ,KIOWA,KS,67070,67070,41,2014-10-06T11:45:32"
"1669,3384,13541,0,111900578,""LIBERTY NATIONAL BANK IN PARIS, THE"",LIBERTY NATIONAL BANK IN PARIS,305 LAMAR AVENUE ,PARIS,TX,75460,75460,41,2014-10-10T08:38:41"
1829,6058,0,0,43000847,ALLEGHENY VALLEY BANK OF PITTSBURGH,ALLEGHENY VALLEY BANK OF PITTSBURGH,5137 BUTLER STREET ,PITTSBURGH,PA,15201,15201,41,2014-10-30T12:44:33
1856,22430,0,0,103105446,WASHITA STATE BANK,WASHITA STATE BANK,701 S HIGHWAY 44 ,BURNS FLAT,OK,73624,73624,41,2014-10-30T12:37:25
2040,13046,0,0,75907442,FARMERS & MERCHANTS BANK,FARMERS AND MERCHANTS BANK,1001 SUPERIOR AVENUE ,TOMAH,WI,54660,54660,41,2014-10-30T18:13:47
2161,23597,17106,0,111909870,LAMAR NATIONAL BANK,LAMAR NATIONAL BANK,200 S. COLEGIATE DRIVE ,PARIS,TX,75460,75460,41,2014-10-17T15:58:26
2376,28866,0,2519,221270541,ORITANI BANK,ORITANI BANK,370 PASCACK ROAD ,TOWNSHIP OF WASHINGTON,NJ,7676,7676,41,2014-11-12T11:33:25
2554,18525,0,0,91216324,STATE BANK OF MARIETTA,STATE BANK OF MARIETTA,201 3RD AVENUE NORTH ,MARIETTA,MN,56257,56257,41,2014-10-07T11:12:04
"2732,17230,14688,0,71004446,""ALBANY BANK & TRUST CO., NATIONAL ASSOCIATION"",""ALBANY BANK AND TRUST CO., NATIONAL ASSOCIATION"",3400 WEST LAWRENCE AVENUE ,CHICAGO,IL,60625,60625,41,2014-10-29T14:29:40"
2750,5408,0,0,104901940,GENOA COMMUNITY BANK,GENOA COMMUNITY BANK,502 WILLIARD AVENUE ,GENOA,NE,68640,68640,41,2014-10-22T16:35:36
3177,30273,705091,5091,231271080,OCEAN CITY HOME BANK,OCEAN CITY HOME BANK,1001 ASBURY AVENUE ,OCEAN CITY,NJ,8226,8226,41,2014-10-30T14:51:05
"3252,5410,8521,0,104102781,""FIRST NATIONAL BANK OF GORDON, THE"",FIRST NATIONAL BANK OF GORDON,134 NORTH MAIN ,GORDON,NE,69343,69343,41,2014-10-29T10:17:21"
3458,16103,0,0,101918169,FARMERS BANK OF GREEN CITY,FARMERS BANK OF GREEN CITY,1 SOUTH LINCOLN STREET ,GREEN CITY,MO,63545,63545,41,2014-10-30T21:35:15
"3720,15671,0,0,53206738,""BANK OF CLARENDON, THE"",BANK OF CLARENDON,106 SOUTH BROOK STREET ,MANNING,SC,29102,29102,41,2014-10-08T16:16:37"
3971,28865,702518,2518,81204265,MIDCOUNTRY BANK,MIDCOUNTRY BANK,2611 BLUE HERON DRIVE ,MARION,IL,62959,62959,41,2014-10-30T19:16:07
4156,13157,0,0,101102124,KANZA BANK,KANZA BANK,151 NORTH MAIN ,KINGMAN,KS,67068,67068,41,2014-10-24T14:13:57
4231,16440,0,0,61212345,FARMERS AND MERCHANTS BANK,FARMERS AND MERCHANTS BANK,104 NORTH MAIN STREET ,SYLVANIA,GA,30467,30467,41,2014-10-23T08:54:18
4437,6795,13830,13423,51501558,FIRST NATIONAL BANK,FIRST NATIONAL BANK,1 CEDAR STREET ,RONCEVERTE,WV,24970,24970,41,2014-10-29T16:35:32
4839,11694,0,0,71001122,AUSTIN BANK OF CHICAGO,AUSTIN BANK OF CHICAGO,5645 WEST LAKE STREET ,CHICAGO,IL,60644,60644,41,2014-10-27T15:02:39
5069,24332,0,0,122237599,FIRST CREDIT BANK,FIRST CREDIT BANK,9255 SUNSET BOULEVARD ,WEST HOLLYWOOD,CA,90069,90069,41,2014-10-29T17:38:30
5135,15496,0,14097,61202931,FIRST STATE BANK OF BLAKELY,FIRST STATE BANK OF BLAKELY,2213 SOUTH MAIN STREET ,BLAKELY,GA,39823,39823,41,2014-10-29T16:53:10
5210,7506,0,0,31309945,ACNB BANK,ACNB BANK,16 LINCOLN SQUARE ,GETTYSBURG,PA,17325,17325,41,2014-10-29T09:11:51
5461,19434,0,0,121125660,BANK OF AGRICULTURE AND COMMERCE,BANK OF AGRICULTURE AND COMMERCE,2021 WEST MARCH LANE ,STOCKTON,CA,95207,95207,41,2014-10-30T18:57:27
5751,15194,0,0,101106625,KEARNY COUNTY BANK,KEARNY COUNTY BANK,221 NORTH MAIN STREET ,LAKIN,KS,67860,67860,41,2014-10-30T12:19:33
6039,15699,0,14102,61211964,ALMA EXCHANGE BANK & TRUST,ALMA EXCHANGE BANK AND TRUST,501 WEST 12TH STREET ,ALMA,GA,31510,31510,41,2014-10-22T13:11:16
6141,16567,0,0,84201896,TALLAHATCHIE COUNTY BANK,TALLAHATCHIE COUNTY BANK,1 EAST MAIN STREET ,CHARLESTON,MS,38921,38921,41,2014-10-30T11:14:48
6329,9923,0,13430,53206741,ANDERSON BROTHERS BANK,ANDERSON BROTHERS BANK,101 NORTH MAIN STREET ,MULLINS,SC,29574,29574,41,2014-10-31T15:57:31
7009,20015,0,0,21203970,BESSEMER TRUST COMPANY,BESSEMER TRUST COMPANY,100 WOODBRIDGE CENTER DRIVE ,WOODBRIDGE,NJ,07095-1191,7095,41,2014-10-30T11:45:23
"7045,5779,0,0,83905326,""PEOPLES BANK, THE"",PEOPLES BANK,100 NORTH MAIN STREET ,BROWNSTOWN,IN,47220,47220,41,2014-10-10T13:46:21"
7072,28870,702528,2528,221972234,WALLKILL VALLEY FEDERAL SAVINGS AND LOAN ASSOCIATION,WALLKILL VALLEY FEDERAL SAVINGS AND LOAN ASSOCIATION,23 WALLKILL AVE. ,WALLKILL,NY,12589,12589,41,2014-10-30T14:36:17
7157,15057,0,0,101102810,STATE BANK OF BLUE RAPIDS,STATE BANK OF BLUE RAPIDS,21 PUBLIC SQUARE ,BLUE RAPIDS,KS,66411,66411,41,2014-10-21T19:09:48
7456,13962,0,0,104110977,BANK OF HARTINGTON,BANK OF HARTINGTON,229 NORTH BROADWAY ,HARTINGTON,NE,68739,68739,41,2014-10-22T15:39:50
"7634,15904,0,0,61112034,""FOUR COUNTY BANK, THE"",FOUR COUNTY BANK,959 MAIN STREET ,ALLENTOWN,GA,31003,31003,41,2014-10-28T11:54:21"
8033,23090,0,15605,65202830,PEOPLES BANK AND TRUST COMPANY OF POINTE COUPEE PARISH,PEOPLES BANK AND TRUST COMPANY OF POINTE COUPEE PARISH,805 HOSPITAL ROAD ,NEW ROADS,LA,70760,70760,41,2014-10-20T15:54:43
"8462,3388,11595,0,111318584,""PERRYTON NATIONAL BANK, THE"",PERRYTON NATIONAL BANK,825 SOUTH MAIN STREET ,PERRYTON,TX,790703556,79070,41,2014-10-20T16:51:02"
"8631,847,0,0,51501765,""PLEASANTS COUNTY BANK, THE"",PLEASANTS COUNTY BANK,323 SECOND ST ,SAINT MARYS,WV,26170,26170,41,2014-10-27T11:20:23"
9357,20268,0,0,91014924,FIDELITY BANK,FIDELITY BANK,7600 PARKLAWN AVENUE ,EDINA,MN,55435,55435,41,2014-10-30T16:20:21
9553,14311,0,0,104907708,ADAMS COUNTY BANK,ADAMS COUNTY BANK,401 N SMITH AVE ,KENESAW,NE,68956,68956,41,2014-10-29T18:03:22
9807,6423,0,9315,21204416,AMBOY BANK,AMBOY BANK,3590 U.S. HIGHWAY 9 SOUTH ,OLD BRIDGE,NJ,8857,8857,41,2014-10-30T09:45:46
"9955,15899,0,0,101101992,""FIRST STATE BANK AND TRUST COMPANY OF LARNED, THE"",FIRST STATE BANK AND TRUST COMPANY OF LARNED,116 WEST 6TH ,LARNED,KS,67550,67550,41,2014-10-27T13:39:57"
"10250,1607,0,0,91903831,""BANK OF ELK RIVER, THE"",BANK OF ELK RIVER,630 MAIN ST. ,ELK RIVER,MN,55330,55330,41,2014-10-09T15:15:07"
10849,15050,0,0,82902003,FIRST STATE BANK,FIRST STATE BANK,101 SOUTH CENTER STREET ,LONOKE,AR,72086,72086,41,2014-10-09T10:27:57
11145,8172,0,11663,72405604,LAKE-OSCEOLA STATE BANK,LAKE-OSCEOLA STATE BANK,790 NORTH MICHIGAN AVENUE ,BALDWIN,MI,49304,49304,41,2014-10-27T13:53:59
11275,30284,705106,5106,281073555,PULASKI BANK,PULASKI BANK,12300 OLIVE BOULEVARD ,CREVE COEUR,MO,63141,63141,41,2014-10-30T15:52:51
11640,19070,15284,0,84201029,FIRST NATIONAL BANK OF CLARKSDALE,FIRST NATIONAL BANK OF CLARKSDALE,402 EAST SECOND STREET ,CLARKSDALE,MS,38614,38614,41,2014-10-30T16:00:59
"11837,5709,0,17705,61107861,""FARMERS BANK, THE"",FARMERS BANK,202 SOUTH MAIN STREET ,GREENSBORO,GA,30642,30642,41,2014-10-23T14:49:56"
12030,17011,16258,12295,61212866,FIRST NATIONAL BANK SOUTH,FIRST NATIONAL BANK SOUTH,423 WEST 12TH STREET ,ALMA,GA,31510,31510,41,2014-10-28T16:30:37
"12142,12201,0,0,84202280,""CLEVELAND STATE BANK, THE"",CLEVELAND STATE BANK,110 COMMERCE AVENUE ,CLEVELAND,MS,38732,38732,41,2014-10-15T12:12:44"
12179,29899,0,4287,242272405,AMERICAN SAVINGS BANK,AMERICAN SAVINGS BANK,701 NORTH UNIVERSITY BOULEVARD ,MIDDLETOWN,OH,45042,45042,41,2014-10-24T10:52:03
12245,15093,0,0,75907112,BANK NORTH,BANK NORTH,704 MAIN STREET ,WAUSAUKEE,WI,54177,54177,41,2014-10-24T12:41:15
"12311,6560,7745,0,44000024,""HUNTINGTON NATIONAL BANK, THE"",HUNTINGTON NATIONAL BANK,17 SOUTH HIGH STREET ,COLUMBUS,OH,43215,43215,31,2014-10-29T15:34:34"
12647,10012,0,0,75904377,PORTAGE COUNTY BANK,PORTAGE COUNTY BANK,1155 COUNTY ROAD D ,ALMOND,WI,549099777,54909,41,2014-10-24T17:56:23
12656,14944,0,0,101107624,EMERALD BANK,EMERALD BANK,333 N. MAIN STREET ,BURDEN,KS,67019,67019,41,2014-10-28T12:37:49
12937,20226,0,0,71001449,OAK BANK,OAK BANK,1000 N RUSH STREET ,CHICAGO,IL,60611,60611,41,2014-10-24T12:33:59
12946,1291,0,0,82901635,FARMERS BANK & TRUST COMPANY,FARMERS BANK AND TRUST COMPANY,200 EAST MAIN STREET ,MAGNOLIA,AR,71753,71753,41,2014-10-30T12:03:31
12955,21704,0,0,104001138,BANK OF NEBRASKA,BANK OF NEBRASKA,7223 SOUTH 84TH STREET ,LA VISTA,NE,68128,68128,41,2014-10-14T12:27:02
13103,23622,0,8406,211370859,BRISTOL COUNTY SAVINGS BANK,BRISTOL COUNTY SAVINGS BANK,35 BROADWAY ,TAUNTON,MA,2780,2780,41,2014-10-30T15:23:43
13251,10185,0,0,91907374,ELYSIAN BANK,ELYSIAN BANK,121 EAST MAIN STREET ,ELYSIAN,MN,56028,56028,41,2014-11-07T15:34:47
13457,5425,0,0,104107786,BANK OF LEWELLEN,BANK OF LEWELLEN,302 MAIN STREET ,LEWELLEN,NE,69147,69147,41,2014-10-30T16:26:51
14052,9042,0,0,91501411,LINCOLN COMMUNITY BANK,LINCOLN COMMUNITY BANK,1400 EAST MAIN STREET ,MERRILL,WI,54452,54452,41,2014-10-16T15:41:22
14155,9378,0,0,101902146,F & C BANK,F AND C BANK,1006 EAGLE CREST DRIVE ,HOLDEN,MO,64040,64040,41,2014-10-28T18:30:45
14650,16795,0,0,103112730,BANK OF LOCUST GROVE,BANK OF LOCUST GROVE,124 EAST MAIN STREET ,LOCUST GROVE,OK,74352,74352,41,2014-10-27T17:20:29
"14753,18101,0,0,101104711,""FARMERS STATE BANK OF BUCKLIN, KANSAS, THE"",""FARMERS STATE BANK OF BUCKLIN, KANSAS"",111 NORTH MAIN STREET ,BUCKLIN,KS,67834,67834,41,2014-10-22T13:23:12"
14865,16243,0,0,123203535,BANK OF EASTERN OREGON,BANK OF EASTERN OREGON,279 NORTH MAIN STREET ,HEPPNER,OR,97836,97836,41,2014-10-23T14:00:00
"14977,30291,0,0,311372252,""FIRST FEDERAL BANK LITTLEFIELD, TEXAS, SSB"",""FIRST FEDERAL BANK LITTLEFIELD, TEXAS, SSB"",301 X.I.T. DRIVE ,LITTLEFIELD,TX,79339,79339,41,2014-10-30T11:49:43"
16458,17105,0,0,101114646,DOUGLAS COUNTY BANK,DOUGLAS COUNTY BANK,9TH AND KENTUCKY ,LAWRENCE,KS,66044,66044,41,2014-10-29T16:44:22
16551,10956,0,0,91907471,NORTHVIEW BANK,NORTHVIEW BANK,510 MAIN STREET ,SANDSTONE,MN,55072,55072,41,2014-10-29T09:44:27
"16748,13104,0,0,81307382,""ELBERFELD STATE BANK, THE"",ELBERFELD STATE BANK,55 MAIN STREET ,ELBERFELD,IN,47613,47613,41,2014-10-27T16:09:37"
"16944,11404,0,0,72405620,""WEST MICHIGAN SAVINGS BANK, THE"",WEST MICHIGAN SAVINGS BANK,232 WEST MONROE ,BANGOR,MI,49013,49013,41,2014-10-30T12:52:47"
16953,10186,0,0,91204682,FIRST STATE BANK OF FERTILE,FIRST STATE BANK OF FERTILE,114 MILL ST. N. ,FERTILE,MN,56540,56540,41,2014-10-17T13:12:08
"17110,26189,0,0,36002085,""HAVERFORD TRUST COMPANY, THE"",HAVERFORD TRUST COMPANY,100 MATSONFORD ROAD 3 RADNOR CORPORATE CENTER SUITE 450,RADNOR,PA,19087,19087,41,2014-10-27T16:16:29"
"17147,4365,2234,11365,74900657,""FIRST MERCHANTS BANK, NATIONAL ASSOCIATION"",""FIRST MERCHANTS BANK, NATIONAL ASSOCIATION"",200 EAST JACKSON STREET ,MUNCIE,IN,47305,47305,41,2014-10-28T16:33:53"
"17259,26260,20838,0,103102494,""FIRST NATIONAL BANK IN MARLOW, THE"",FIRST NATIONAL BANK IN MARLOW,301 WEST MAIN STREET ,MARLOW,OK,73055,73055,41,2014-10-27T15:41:05"
17464,22407,0,0,123206024,BANK OF THE CASCADES,BANK OF THE CASCADES,1100 NORTHWEST WALL STREET ,BEND,OR,97701,97701,41,2014-10-30T18:34:43
"17950,2224,10844,0,92903542,""BANK OF BRIDGER, NATIONAL ASSOCIATION"",""BANK OF BRIDGER, NATIONAL ASSOCIATION"",101 S. MAIN STREET ,BRIDGER,MT,59014,59014,41,2014-10-28T08:38:25"
17978,29904,704307,4307,264271280,ELIZABETHTON FEDERAL SAVINGS BANK,ELIZABETHTON FEDERAL SAVINGS BANK,112-114 NORTH SYCAMORE STREET ,ELIZABETHTON,TN,376433326,37643,41,2014-10-17T16:42:22
"18050,3091,4093,0,114904953,""FIRST NATIONAL BANK OF BASTROP, THE"",FIRST NATIONAL BANK OF BASTROP,489 HIGHWAY 71 WEST ,BASTROP,TX,786023217,78602,41,2014-10-30T12:52:59"
"18135,19536,24430,0,71001232,""SOUTH CENTRAL BANK, NATIONAL ASSOCIATION"",""SOUTH CENTRAL BANK, NATIONAL ASSOCIATION"",525 WEST ROOSEVELT ROAD ,CHICAGO,IL,60607,60607,41,2014-10-29T14:12:46"
18377,34440,0,9245,231371731,BALLY SAVINGS BANK,BALLY SAVINGS BANK,323 MAIN STREET ,BALLY,PA,19503,19503,41,2014-10-30T15:45:55
"18827,7900,5073,0,43307524,""FARMERS AND MERCHANTS BANK OF WESTERN PENNSYLVANIA, NATIONAL ASSOCIATION"",""FARMERS AND MERCHANTS BANK OF WESTERN PENNSYLVANIA, NATIONAL ASSOCIATION"",222 MARKET STREET ,KITTANNING,PA,16201,16201,41,2014-10-30T15:42:41"
18836,9998,0,12053,52203703,CAPON VALLEY BANK,CAPON VALLEY BANK,2 W MAIN ST ,WARDENSVILLE,WV,26851,26851,41,2014-10-19T19:52:27
18854,4147,0,0,103103778,BANK 7,BANK 7,1039 NW 63RD STREET ,OKLAHOMA CITY,OK,73116,73116,41,2014-10-30T14:51:59
19356,9881,0,0,103110907,SECURITY BANK AND TRUST COMPANY,SECURITY BANK AND TRUST COMPANY,2 SOUTH MAIN STREET ,MIAMI,OK,74354,74354,41,2014-10-29T12:31:48
19730,16606,0,0,71909363,STANDARD BANK AND TRUST COMPANY,STANDARD BANK AND TRUST COMPANY,7800 WEST 95TH STREET ,HICKORY HILLS,IL,60457,60457,41,2014-10-29T11:46:59
19936,15477,0,12677,61201042,CITIZENS BANK OF AMERICUS,CITIZENS BANK OF AMERICUS,119 NORTH LEE STREET ,AMERICUS,GA,31709,31709,41,2014-10-21T15:41:58
19972,34711,0,9008,243374108,FARMERS BUILDING AND SAVINGS BANK,FARMERS BUILDING AND SAVINGS BANK,290 WEST PARK ,ROCHESTER,PA,15074,15074,41,2014-10-29T12:35:40
20053,10015,0,0,91806242,SECURITY BANK,SECURITY BANK,112 EAST MAIN ST. ,NEW AUBURN,WI,54757,54757,41,2014-10-30T20:17:21
20512,7704,3877,0,31309343,FIRST NATIONAL BANK OF PORT ALLEGANY,FIRST NATIONAL BANK OF PORT ALLEGANY,64 N. MAIN ST ,PORT ALLEGANY,PA,16743,16743,41,2014-10-29T15:49:18
20633,6803,0,0,51501723,MCNB BANK AND TRUST CO.,MCNB BANK AND TRUST CO.,75 WYOMING ST ,WELCH,WV,24801,24801,41,2014-10-29T16:51:56
20857,10998,0,0,91902793,GRANITE FALLS BANK,GRANITE FALLS BANK,702 PRENTICE ST. ,GRANITE FALLS,MN,56241,56241,41,2014-10-10T15:12:17
21256,16583,0,0,101114565,STATE BANK OF BURRTON,STATE BANK OF BURRTON,200 NORTH BURRTON ,BURRTON,KS,67020,67020,41,2014-10-25T11:42:21
21359,22263,0,0,91205128,AMERICAN STATE BANK OF GRYGLA,AMERICAN STATE BANK OF GRYGLA,102 SOUTH MAIN AVENUE ,GRYGLA,MN,56727,56727,41,2014-10-30T11:06:26
21630,20041,0,12528,65201789,TECHE BANK AND TRUST COMPANY,TECHE BANK AND TRUST COMPANY,606 SOUTH MAIN STREET ,SAINT MARTINVILLE,LA,70582,70582,41,2014-10-27T15:26:41
21658,12511,0,0,91803355,ALLIANCE BANK,ALLIANCE BANK,245 S. EAU CLAIRE ST. ,MONDOVI,WI,54755,54755,41,2014-10-30T11:37:11
22048,1753,0,0,82901567,UNION BANK & TRUST COMPANY,UNION BANK AND TRUST COMPANY,102 WEST MCCLOY ,MONTICELLO,AR,71655,71655,41,2014-10-20T15:10:03
22543,8162,0,11909,72406506,STATE SAVINGS BANK,STATE SAVINGS BANK,703 MAIN STREET ,FRANKFORT,MI,49635,49635,41,2014-10-28T13:45:51
22552,10576,0,0,91204462,FIRST SOUTHEAST BANK,FIRST SOUTHEAST BANK,3 MAIN AVENUE NORTH ,HARMONY,MN,55939,55939,41,2014-10-29T10:29:25
22730,2452,0,0,51502159,WEST UNION BANK,WEST UNION BANK,105 E MAIN STREET ,WEST UNION,WV,26456,26456,41,2014-10-24T14:49:29
22936,16673,0,10640,61212688,FARMERS & MERCHANTS BANK,FARMERS AND MERCHANTS BANK,201 NORTH MAIN STREET ,STATESBORO,GA,30458,30458,41,2014-10-24T14:26:47
23045,24471,0,0,72413421,WEST MICHIGAN BANK & TRUST,WEST MICHIGAN BANK AND TRUST,501 MAIN STREET ,FRANKFORT,MI,496351009,49635,41,2014-10-24T17:19:43
"23456,5162,6906,0,91204763,""FIRST NATIONAL BANK OF HENNING, THE"",FIRST NATIONAL BANK OF HENNING,106 MN HWY 78 NORTH ,OTTERTAIL,MN,56571,56571,41,2014-10-30T17:13:05"
"23504,6976,9669,9545,21406667,""BRIDGEHAMPTON NATIONAL BANK, THE"",BRIDGEHAMPTON NATIONAL BANK,2200 MONTAUK HIGHWAY ,BRIDGEHAMPTON,NY,11932,11932,41,2014-11-10T16:53:45"
23643,90,0,0,82905343,COMMERCIAL BANK & TRUST COMPANY,COMMERCIAL BANK AND TRUST COMPANY,212 WEST GAINES STREET ,MONTICELLO,AR,71655,71655,41,2014-10-29T13:34:46
23755,5357,11412,0,91809980,FIRST NATIONAL COMMUNITY BANK,FIRST NATIONAL COMMUNITY BANK,109 EAST SECOND STREET ,NEW RICHMOND,WI,54017,54017,41,2014-10-23T11:42:10
24006,15995,0,17455,221970980,PUTNAM COUNTY SAVINGS BANK,PUTNAM COUNTY SAVINGS BANK,DREWVILLE ROAD AND CARMEL AVENUE ,BREWSTER,NY,10509,10509,41,2014-10-29T12:51:06
"24378,32307,0,8123,241271054,""GALION BUILDING AND LOAN BANK, THE"",GALION BUILDING AND LOAN BANK,135 S MARKET STREET ,GALION,OH,44833,44833,41,2014-10-24T13:23:53"
24453,24334,0,0,102305098,ROCKY MOUNTAIN BANK,ROCKY MOUNTAIN BANK,890 WEST BROADWAY ,JACKSON,WY,83001,83001,41,2014-10-27T15:48:51
24659,10178,0,0,91915722,PRODUCE STATE BANK,PRODUCE STATE BANK,109 PARK AVENUE WEST ,HOLLANDALE,MN,56045,56045,41,2014-10-27T16:30:51
"24668,3402,10646,0,111912498,""BANK TEXAS, NATIONAL ASSOCIATION"",""BANK TEXAS, NATIONAL ASSOCIATION"",412 E GOODE ST ,QUITMAN,TX,757831544,75783,41,2014-10-30T18:00:14"
"24855,4155,11306,0,103111087,""FIRST NATIONAL BANK OF NASH, THE"",FIRST NATIONAL BANK OF NASH,107 SOUTH MAIN STREET ,NASH,OK,73761,73761,41,2014-10-03T13:14:50"
"24949,12788,14397,0,75901590,""BARABOO NATIONAL BANK, THE"",BARABOO NATIONAL BANK,101 THIRD AVENUE ,BARABOO,WI,53913,53913,41,2014-10-30T14:27:53"
25357,20093,0,0,103001456,ALL AMERICA BANK,ALL AMERICA BANK,200 S. ROCKWELL AVENUE ,OKLAHOMA CITY,OK,73128,73128,41,2014-10-21T14:50:12
25647,22536,0,0,71924681,FIRSTSECURE BANK AND TRUST CO.,FIRSTSECURE BANK AND TRUST CO.,10360 SOUTH ROBERTS ROAD ,PALOS HILLS,IL,60465,60465,41,2014-10-29T14:52:28
"26176,30306,705141,5141,322070145,""BROADWAY FEDERAL BANK, F.S.B."",""BROADWAY FEDERAL BANK, F.S.B."",""5055 WILSHIRE BOULEVARD, SUITE 100 "",LOS ANGELES,CA,90036,90036,41,2014-10-30T20:03:21"
"26242,18979,20412,0,82901033,""INTEGRITY FIRST BANK, NATIONAL ASSOCIATION"",""INTEGRITY FIRST BANK, NATIONAL ASSOCIATION"",502 HICKORY STREET ,MOUNTAIN HOME,AR,72653,72653,41,2014-10-27T15:44:07"
26457,16423,0,0,101918279,LA MONTE COMMUNITY BANK,LA MONTE COMMUNITY BANK,201 EAST FRONT STREET ,LA MONTE,MO,65337,65337,41,2014-10-05T22:55:08
"26765,3405,0,0,114912589,VANTAGE BANK TEXAS,VANTAGE BANK TEXAS,""45 NE LOOP 410, SUITE 500 "",SAN ANTONIO,TX,78216,78216,41,2014-11-06T16:24:21"
27070,29294,703235,3235,291571270,TIME FEDERAL SAVINGS BANK,TIME FEDERAL SAVINGS BANK,675 EAST BROADWAY PO BOX 239,MEDFORD,WI,54451,54451,41,2014-10-22T11:43:58
27548,14078,0,0,275971854,BLACKHAWK BANK,BLACKHAWK BANK,400 BROAD STREET ,BELOIT,WI,53511,53511,41,2014-10-30T15:53:41
"27614,10663,0,0,41208719,""ANDOVER BANK, THE"",ANDOVER BANK,19 PUBLIC SQUARE ,ANDOVER,OH,440030519,44003,41,2014-10-30T08:46:58"
27847,1527,0,0,82904056,DIAMOND BANK,DIAMOND BANK,319 EAST MAIN STREET ,MURFREESBORO,AR,71958,71958,41,2014-10-17T15:56:54
28013,28710,718063,18063,226071457,NORTHFIELD BANK,NORTHFIELD BANK,1731 VICTORY BLVD ,STATEN ISLAND,NY,10314,10314,41,2014-10-30T16:10:35
28152,11415,0,0,91908179,HARVEST BANK,HARVEST BANK,75 NORTH MAIN STREET ,KIMBALL,MN,55353,55353,41,2014-10-11T10:30:25
"28255,3095,4238,0,114902777,""FIRST NATIONAL BANK OF BEEVILLE, THE"",FIRST NATIONAL BANK OF BEEVILLE,1400 E HOUSTON ST ,BEEVILLE,TX,78102,78102,41,2014-10-30T11:02:02"
28349,91,0,0,82902579,ALLIED BANK,ALLIED BANK,311 MAIN STREET ,MULBERRY,AR,72947,72947,41,2014-10-22T11:03:14
28406,90160,0,14800,211073981,BLUE HILLS BANK,BLUE HILLS BANK,1196 RIVER STREET ,HYDE PARK,MA,2136,2136,41,2014-10-28T17:02:01
"28675,29293,703234,3234,291871226,""CUMBERLAND FEDERAL BANK, FEDERAL SAVINGS BANK"",""CUMBERLAND FEDERAL BANK, FEDERAL SAVINGS BANK"",1390 SECOND AVE. ,CUMBERLAND,WI,54829,54829,41,2014-10-24T07:57:17"
28732,1475,0,0,64102384,PEOPLES BANK & TRUST COMPANY,PEOPLES BANK AND TRUST COMPANY,1203 HILLSBORO BOULEVARD ,MANCHESTER,TN,37355,37355,41,2014-10-13T12:21:36
29476,31711,0,7368,284170109,RIVERBANK SAVINGS AND LOAN ASSOCIATION,RIVERBANK SAVINGS AND LOAN ASSOCIATION,520 SOUTHWEST SECOND STREET ,CORNING,AR,72422,72422,41,2014-10-28T13:56:29
"29636,12204,0,10889,65302154,""CITIZENS BANK OF PHILADELPHIA, THE"",CITIZENS BANK OF PHILADELPHIA,521 MAIN STREET ,PHILADELPHIA,MS,39350,39350,41,2014-10-30T14:30:19"
29878,30303,705138,5138,221472792,MASPETH FEDERAL SAVINGS AND LOAN ASSOCIATION,MASPETH FEDERAL SAVINGS AND LOAN ASSOCIATION,56-18 69TH ST ,MASPETH,NY,11378,11378,41,2014-10-29T11:11:21
29953,10650,0,0,104910274,HOME STATE BANK,HOME STATE BANK,218 MAIN STREET ,LOUISVILLE,NE,68037,68037,41,2014-10-29T12:07:43
30052,26658,0,0,111316829,AMISTAD BANK,AMISTAD BANK,1301 VETERANS BLVD ,DEL RIO,TX,788403621,78840,41,2014-10-23T10:02:34
30418,27041,0,2500,231275882,COLLEGE SAVINGS BANK,COLLEGE SAVINGS BANK,5 VAUGN DRIVE ,PRINCETON,NJ,08540-6313,8540,41,2014-10-23T17:23:58
30502,14240,0,0,11700425,NORTHWAY BANK,NORTHWAY BANK,9 MAIN STREET ,BERLIN,NH,3570,3570,41,2014-10-30T08:44:52
30650,8193,0,0,91008299,LAKE COMMUNITY BANK,LAKE COMMUNITY BANK,1964 W. WAYZATA BLVD. ,LONG LAKE,MN,55356,55356,41,2014-10-20T12:32:35
30810,5649,0,0,31100649,DISCOVER BANK,DISCOVER BANK,502 EAST MARKET STREET ,GREENWOOD,DE,19950,19950,41,2014-10-29T16:33:28
30874,28888,0,0,236073830,FOX CHASE BANK,FOX CHASE BANK,4390 DAVISVILLE ROAD ,HATBORO,PA,190402544,19040,41,2014-10-30T15:27:51
"31134,2160,7899,11878,61202245,""FIRST NATIONAL BANK OF WAYNESBORO, THE"",FIRST NATIONAL BANK OF WAYNESBORO,626 LIBERTY ST ,WAYNESBORO,GA,30830,30830,41,2014-10-28T17:18:49"
31255,17612,0,0,113001077,CENTRAL BANK,CENTRAL BANK,11201 CLAY ROAD ,HOUSTON,TX,770415578,77041,41,2014-10-24T14:54:37
"31657,11904,0,0,111909443,""FIRST STATE BANK OF BEN WHEELER, TEXAS"",""FIRST STATE BANK OF BEN WHEELER, TEXAS"",14269 STATE HWY 64 ,BEN WHEELER,TX,75754,75754,41,2014-10-28T14:28:09"
31826,6863,9924,14630,51403818,POWELL VALLEY NATIONAL BANK,POWELL VALLEY NATIONAL BANK,33785 MAIN STREET ,JONESVILLE,VA,24263,24263,41,2014-10-29T09:15:19
31835,8243,0,9803,65302675,BANK OF ANGUILLA,BANK OF ANGUILLA,130 HOLLAND STREET ,ANGUILLA,MS,38721,38721,41,2014-10-23T17:16:46
32234,3639,1926,0,71103952,FIRST NATIONAL BANK AND TRUST COMPANY,FIRST NATIONAL BANK AND TRUST COMPANY,2 KELLI COURT ,CLINTON,IL,61727,61727,41,2014-10-24T11:14:55
32766,21693,16357,0,111906048,LAKESIDE NATIONAL BANK,LAKESIDE NATIONAL BANK,2805 RIDGE ROAD ,ROCKWALL,TX,75032,75032,41,2014-10-22T09:14:12
32971,28894,702578,2578,274970607,SECURITY FEDERAL SAVINGS BANK,SECURITY FEDERAL SAVINGS BANK,314 FOURTH ST ,LOGANSPORT,IN,469470000,46947,41,2014-10-27T15:44:33
33147,1027,0,0,84101051,FARMERS BANK AND TRUST COMPANY,FARMERS BANK AND TRUST COMPANY,400 WEST MAIN STREET ,BLYTHEVILLE,AR,72315,72315,41,2014-10-30T15:24:17
33259,21714,0,0,96005093,PREMIER BANK,PREMIER BANK,2866 WHITE BEAR AVE. ,MAPLEWOOD,MN,55109,55109,41,2014-10-28T14:05:31
"33268,1213,0,0,111307485,""ROSCOE STATE BANK, THE"",ROSCOE STATE BANK,117 CYPRESS STREET ,ROSCOE,TX,79545,79545,41,2014-10-27T17:19:03"
"33370,31723,707384,7384,242170374,""HOME SAVINGS BANK, FSB"",""HOME SAVINGS BANK, FEDERAL SAVINGS BANK"",202 ELM STREET ,LUDLOW,KY,41016,41016,41,2014-10-10T16:29:53"
33839,10075,0,0,71112354,PEOPLES STATE BANK OF COLFAX,PEOPLES STATE BANK OF COLFAX,101 WEST MAIN STREET ,COLFAX,IL,61728,61728,41,2014-10-07T16:39:53
33857,15545,0,0,104913381,FRONTIER BANK,FRONTIER BANK,301 SOUTH MAIN ,MADISON,NE,68748,68748,41,2014-10-29T15:13:04
34153,20843,0,0,96000603,AMERICAN BANK OF SAINT PAUL,AMERICAN BANK OF SAINT PAUL,2310 7TH STREET WEST ,SAINT PAUL,MN,55116,55116,41,2014-10-27T09:41:11
34425,11200,0,16871,51403850,BANK OF LANCASTER,BANK OF LANCASTER,100 S MAIN STREET ,KILMARNOCK,VA,22482,22482,41,2014-10-30T10:57:34
34434,22081,0,15636,65302468,MAGNOLIA STATE BANK,MAGNOLIA STATE BANK,15 EAST 6TH AVENUE ,BAY SPRINGS,MS,39422,39422,41,2014-10-28T11:51:27
"34452,5358,10489,0,91508317,""FIRST NATIONAL BANK OF PARK FALLS, THE"",FIRST NATIONAL BANK OF PARK FALLS,110 NORTH 2ND AVENUE ,PARK FALLS,WI,54552,54552,41,2014-10-15T15:52:22"
34537,131,14838,15273,67005158,SEACOAST NATIONAL BANK,SEACOAST NATIONAL BANK,815 COLORADO AVENUE ,STUART,FL,34994,34994,41,2014-10-30T16:57:09
34555,14695,0,0,81507014,MACON-ATLANTA STATE BANK,MACON-ATLANTA STATE BANK,1513 NORTH MISSOURI STREET ,MACON,MO,63552,63552,41,2014-10-16T12:19:56
34742,13083,0,0,82901952,FIRST WESTERN BANK,FIRST WESTERN BANK,80 WEST MAIN STREET ,BOONEVILLE,AR,72927,72927,41,2014-10-29T09:55:21
"34836,11297,0,0,61104204,""WOODBURY BANKING COMPANY, THE"",WOODBURY BANKING COMPANY,33 JONES MILL RD ,WOODBURY,GA,30293,30293,41,2014-11-04T15:04:17"
35057,1946,0,0,81506390,ALLIANT BANK,ALLIANT BANK,101 EAST BROADWAY ,MADISON,MO,65263,65263,41,2014-10-30T19:01:27
35301,14,0,0,11000028,STATE STREET BANK AND TRUST COMPANY,STATE STREET BANK AND TRUST COMPANY,ONE LINCOLN STREET ,BOSTON,MA,2111,2111,31,2014-11-04T14:40:44
35570,28892,0,2573,221272031,INVESTORS BANK,INVESTORS BANK,101 JOHN F KENNEDY PARKWAY ,SHORT HILLS,NJ,7078,7078,41,2014-10-30T13:34:01
35646,11235,0,0,75904597,BONDUEL STATE BANK,BONDUEL STATE BANK,130 NORTH CECIL STREET ,BONDUEL,WI,54107,54107,41,2014-10-08T15:11:15
35842,10868,0,0,81226298,PREMIER BANK OF JACKSONVILLE,PREMIER BANK OF JACKSONVILLE,1604 WEST MORTON AVENUE ,JACKSONVILLE,IL,62650,62650,41,2014-10-29T18:08:44
"35879,30313,0,5151,275971029,""EAST WISCONSIN SAVINGS BANK, S.A."",""EAST WISCONSIN SAVINGS BANK, S.A."",109 WEST 2ND STREET ,KAUKAUNA,WI,541300000,54130,41,2014-11-06T15:10:37"
36456,15907,0,0,104113408,FARMERS STATE BANK,FARMERS STATE BANK,122 S. COMMERCIAL ST ,MAYWOOD,NE,69038,69038,41,2014-10-27T15:41:15
36933,19163,0,14828,61101113,FIRST STATE BANK,FIRST STATE BANK,300 BROAD STREET ,WRENS,GA,30833,30833,41,2014-10-24T08:12:25
37051,13030,0,0,91809524,PIGEON FALLS STATE BANK,PIGEON FALLS STATE BANK,40214 SOUTH EKERN AVENUE ,PIGEON FALLS,WI,54760,54760,41,2014-11-12T14:44:05
37341,21085,0,0,75907743,BANK OF ONTARIO,BANK OF ONTARIO,315 MAIN STREET ,ONTARIO,WI,54651,54651,41,2014-10-30T15:39:25
37435,172,0,10091,61107515,UNITED BANK,UNITED BANK,685 GRIFFIN STREET ,ZEBULON,GA,30295,30295,41,2014-10-28T16:24:35
37640,17393,0,0,83904563,GERMAN AMERICAN BANCORP,GERMAN AMERICAN BANCORP,711 MAIN STREET ,JASPER,IN,47546,47546,41,2014-10-30T16:33:15
"37659,12758,0,0,103111977,""FARMERS STATE BANK, ALLEN, OKLAHOMA"",""FARMERS STATE BANK, ALLEN, OKLAHOMA"",201 EAST BROADWAY ,ALLEN,OK,74825,74825,41,2014-10-21T14:47:14"
37743,11607,0,0,75910400,CALUMET COUNTY BANK,CALUMET COUNTY BANK,103 NORTH MAIN STREET ,BRILLION,WI,541101126,54110,41,2014-10-29T11:20:21
37949,11711,0,0,71119289,BANK OF RANTOUL,BANK OF RANTOUL,201 EAST CHAMPAIGN AVENUE ,RANTOUL,IL,61866,61866,41,2014-10-27T14:08:59
38740,13112,0,0,74912865,OWEN COUNTY STATE BANK,OWEN COUNTY STATE BANK,201 WEST MORGAN STREET ,SPENCER,IN,47460,47460,41,2014-10-28T15:52:13
"39327,5874,0,0,52101012,""CALVIN B. TAYLOR BANKING COMPANY OF BERLIN, MARYLAND"",""CALVIN B. TAYLOR BANKING COMPANY OF BERLIN, MARYLAND"",24 NORTH MAIN STREET ,BERLIN,MD,21811,21811,41,2014-10-29T14:20:04"
"39420,14832,14290,0,41201114,""LORAIN NATIONAL BANK, THE"",LORAIN NATIONAL BANK,457 BROADWAY ,LORAIN,OH,440521769,44052,41,2014-10-29T16:19:00"
"39475,22441,0,0,125107037,AMERICANWEST BANK,AMERICANWEST BANK,""41 WEST RIVERSIDE AVENUE, SUITE 400 "",SPOKANE,WA,99201,99201,41,2014-10-29T13:00:26"
39756,4032,0,0,103112523,NBC OKLAHOMA,NBC OKLAHOMA,13401 NORTH PENNSYLVANIA ,OKLAHOMA CITY,OK,73120,73120,41,2014-10-30T13:07:03
40033,11817,0,17580,65303810,RICHTON BANK & TRUST COMPANY,RICHTON BANK AND TRUST COMPANY,114 S. FRONT STREET ,RICHTON,MS,39476,39476,41,2014-10-30T10:51:54
40350,10653,0,0,104908163,MURRAY STATE BANK,MURRAY STATE BANK,102 WEST MAIN STREET ,MURRAY,NE,68409,68409,41,2014-10-28T11:32:47
40499,59070,0,0,211381372,HARBORONE BANK,HARBORONE BANK,770 OAK STREET ,BROCKTON,MA,2301,2301,41,2014-10-30T15:10:39
40855,10980,0,0,91207317,EITZEN STATE BANK,EITZEN STATE BANK,115 HIGHWAY 44 ,CALEDONIA,MN,55921,55921,41,2014-10-28T13:50:27
41245,15173,0,0,75906362,FARMERS & MERCHANTS BANK OF ORFORDVILLE,FARMERS AND MERCHANTS BANK OF ORFORDVILLE,303 SPRING STREET ,ORFORDVILLE,WI,53576,53576,41,2014-10-27T15:20:57
41553,12283,0,0,103101505,FIRST STATE BANK,FIRST STATE BANK,102 WEST MAIN STREET ,ANADARKO,OK,73005,73005,41,2014-10-20T15:52:53
41629,6913,0,15369,51404325,PIONEER BANK,PIONEER BANK,252 E MAIN STREET ,STANLEY,VA,22851,22851,41,2014-10-30T13:45:15
41825,14017,0,0,55001258,MIDDLETOWN VALLEY BANK,MIDDLETOWN VALLEY BANK,24 WEST MAIN STREET ,MIDDLETOWN,MD,21769,21769,41,2014-10-24T09:20:23
41937,10802,0,0,71112480,FARMERS STATE BANK OF DANFORTH,FARMERS STATE BANK OF DANFORTH,200 NORTH FRONT STREET ,DANFORTH,IL,60930,60930,41,2014-10-29T17:58:48
41955,5447,0,0,104102985,BANK OF NEWMAN GROVE,BANK OF NEWMAN GROVE,416 HALE AVENUE ,NEWMAN GROVE,NE,68758,68758,41,2014-10-23T15:05:14
42037,70,0,0,62102593,PEOPLES EXCHANGE BANK OF MONROE COUNTY,PEOPLES EXCHANGE BANK OF MONROE COUNTY,2013 HIGHWAY 21 BYPASS ,MONROEVILLE,AL,36460,36460,41,2014-10-20T09:52:01
42055,15354,0,0,103101482,ANADARKO BANK AND TRUST COMPANY,ANADARKO BANK AND TRUST COMPANY,110 WEST OKLAHOMA ,ANADARKO,OK,73005,73005,41,2014-10-16T16:03:06
"42354,3110,8573,0,111303489,""COMMERCIAL NATIONAL BANK OF BRADY, THE"",COMMERCIAL NATIONAL BANK OF BRADY,105 E. 2ND STREET ,BRADY,TX,76825,76825,41,2014-10-27T10:37:59"
42372,30315,705153,5153,253170884,FIRST FEDERAL SAVINGS BANK OF LINCOLNTON,FIRST FEDERAL SAVINGS BANK OF LINCOLNTON,320 EAST MAIN STREET ,LINCOLNTON,NC,28092,28092,41,2014-10-23T12:13:28
42420,7468,0,0,43306826,FIRST COMMONWEALTH BANK,FIRST COMMONWEALTH BANK,600 PHILADELPHIA ST ,INDIANA,PA,15701,15701,41,2014-10-30T19:01:51
42448,3887,10004,0,84100793,FIRST NATIONAL BANK,FIRST NATIONAL BANK,200 WEST COURT STREET ,PARAGOULD,AR,72450,72450,41,2014-10-23T18:30:05
42457,12246,0,0,104102642,COMMERCIAL BANK OF NELSON,COMMERCIAL BANK OF NELSON,401 SOUTH MAIN STREET ,NELSON,NE,68961,68961,41,2014-10-27T13:20:15
"42671,32460,708287,8287,311993149,""SOUTHWEST SECURITIES, FSB"",""SOUTHWEST SECURITIES, FEDERAL SAVINGS BANK"",1201 ELM STREET SUITE 3500,DALLAS,TX,75270,75270,41,2014-10-28T10:03:57"
43052,9036,0,0,91510075,SECURITY STATE BANK,SECURITY STATE BANK,7865 U.S. HIGHWAY 2 ,IRON RIVER,WI,54847,54847,41,2014-10-30T11:54:27
43351,17685,0,0,101106528,LEONARDVILLE STATE BANK,LEONARDVILLE STATE BANK,102 WEST BARTON ,LEONARDVILLE,KS,66449,66449,41,2014-10-29T15:25:56
43744,14823,0,0,75904238,CAMBRIDGE STATE BANK,CAMBRIDGE STATE BANK,221 WEST MAIN STREET ,CAMBRIDGE,WI,53523,53523,41,2014-10-20T11:22:33
"43856,5141,6991,0,91200848,""MINERS NATIONAL BANK OF EVELETH, THE"",MINERS NATIONAL BANK OF EVELETH,401 GRANT AVENUE ,EVELETH,MN,55734,55734,41,2014-10-21T12:22:06"
43959,18155,0,0,113123528,BRIDGE CITY STATE BANK,BRIDGE CITY STATE BANK,701 W. ROUNDBUNCH ,BRIDGE CITY,TX,776112435,77611,41,2014-10-19T14:54:39
"44040,4364,9784,0,74908426,""FIRST NATIONAL BANK OF MONTEREY, THE"",FIRST NATIONAL BANK OF MONTEREY,6222 EAST MAIN STREET ,MONTEREY,IN,46960,46960,41,2014-10-20T09:12:35"
"44433,25258,18283,14891,67011812,""INTERCREDIT BANK, NATIONAL ASSOCIATION"",""INTERCREDIT BANK, NATIONAL ASSOCIATION"",1200 BRICKELL AVENUE 4TH FLOOR,MIAMI,FL,33131,33131,41,2014-10-30T16:26:47"
44741,9647,0,0,74905225,CITIZENS BANK,CITIZENS BANK,33 NORTH INDIANA STREET ,MOORESVILLE,IN,46158,46158,41,2014-10-27T09:03:33
44750,16126,0,0,81518139,CITIZENS BANK OF NEWBURG,CITIZENS BANK OF NEWBURG,1515 MARTIN SPRINGS DRIVE ,ROLLA,MO,65401,65401,41,2014-10-28T08:58:37
"44929,6637,46,0,44106384,""FIRST NATIONAL BANK OF MCCONNELSVILLE, THE"",FIRST NATIONAL BANK OF MCCONNELSVILLE,86 NORTH KENNEBEC AVENUE ,MCCONNELSVILLE,OH,43756,43756,41,2014-10-15T10:34:08"
45038,5740,0,0,71112503,STATE BANK OF DAVIS,STATE BANK OF DAVIS,100 IL ROUTE 75 ,DAVIS,IL,61019,61019,41,2014-10-29T14:18:00
"45047,14534,14209,0,82902074,""FIRST NATIONAL BANK AT PARIS, THE"",FIRST NATIONAL BANK AT PARIS,MAIN AND ELM STREETS ,PARIS,AR,72855,72855,41,2014-10-22T14:12:10"
45056,9818,0,0,104908134,PLATTE VALLEY BANK,PLATTE VALLEY BANK,606 MAIN ,NORTH BEND,NE,68649,68649,41,2014-10-30T11:10:54
45430,22070,0,0,64202873,JOHNSON COUNTY BANK,JOHNSON COUNTY BANK,241 WEST MAIN STREET ,MOUNTAIN CITY,TN,37683,37683,41,2014-10-29T14:34:54
45458,17927,0,0,101109130,VINTAGE BANK KANSAS,VINTAGE BANK KANSAS,101 SOUTH MAIN ,LEON,KS,67074,67074,41,2014-10-16T17:59:10
45551,5170,0,0,73920829,BANK MIDWEST,BANK MIDWEST,1525 18TH STREET ,SPIRIT LAKE,IA,51360,51360,41,2014-10-13T17:39:42
45560,16470,0,0,114000763,JEFFERSON BANK,JEFFERSON BANK,1777 NE LOOP 410 SUITE 201,SAN ANTONIO,TX,78217,78217,41,2014-10-29T13:20:16
45775,28908,0,2601,231371692,IRON WORKERS SAVINGS BANK,IRON WORKERS SAVINGS BANK,3333 CONCORD ROAD ,ASTON,PA,19014,19014,41,2014-10-27T15:24:53
"46053,1610,0,0,91900559,""STATE BANK OF FARIBAULT, THE"",STATE BANK OF FARIBAULT,428 CENTRAL AVE. ,FARIBAULT,MN,55021,55021,41,2014-10-20T16:12:05"
46941,2765,0,0,83901773,FARMERS BANK AND TRUST COMPANY,FARMERS BANK AND TRUST COMPANY,111 WEST WASHINGTON ,PRINCETON,KY,42445,42445,41,2014-10-28T15:55:13
47153,16468,0,0,104113709,NORTH LOUP VALLEY BANK,NORTH LOUP VALLEY BANK,C AND FIRST STREETS ,NORTH LOUP,NE,68859,68859,41,2014-10-31T15:36:41
"47247,5033,0,11837,72410903,""DART BANK, THE"",DART BANK,368 SOUTH PARK STREET ,MASON,MI,488540040,48854,41,2014-10-30T13:54:35"
47256,27053,0,0,91512594,COMMUNITY FINANCIAL BANK,COMMUNITY FINANCIAL BANK,450 CENTER STREET ,PRENTICE,WI,54556,54556,41,2014-10-30T10:41:02
47452,25065,18162,0,111103333,FIRST NATIONAL BANK OF BENTON,FIRST NATIONAL BANK OF BENTON,104 SIBLEY DRIVE ,BENTON,LA,71006,71006,41,2014-10-29T15:43:00
47500,18038,0,7619,211770190,CLAREMONT SAVINGS BANK,CLAREMONT SAVINGS BANK,145 BROAD STREET ,CLAREMONT,NH,3743,3743,41,2014-10-30T13:58:39
48057,4775,0,0,101102645,PRAIRIE BANK OF KANSAS,PRAIRIE BANK OF KANSAS,200 SOUTH MAIN ,STAFFORD,KS,67578,67578,41,2014-10-30T10:18:10
48150,16778,0,0,91916200,FRANKLIN STATE BANK,FRANKLIN STATE BANK,278 2ND AVE. E. ,FRANKLIN,MN,55333,55333,41,2014-10-21T10:54:54
48374,28905,0,0,282970110,FIRST FINANCIAL BANK,FIRST FINANCIAL BANK,214 NORTH WASHINGTON ,EL DORADO,AR,71730,71730,41,2014-10-29T13:39:54
48440,9517,0,0,75904856,CLEVELAND STATE BANK,CLEVELAND STATE BANK,1250 WEST WASHINGTON AVENUE ,CLEVELAND,WI,530150158,53015,41,2014-10-30T15:07:51
49054,10212,0,0,91912576,COMMERCE BANK,COMMERCE BANK,101 CENTRAL AVENUE SOUTH ,GENEVA,MN,56035,56035,41,2014-10-30T15:29:35
49148,9265,0,0,71105866,RUSHVILLE STATE BANK,RUSHVILLE STATE BANK,100 EAST LAFAYETTE STREET ,RUSHVILLE,IL,62681,62681,41,2014-10-30T17:25:43
"49241,19371,15482,0,82901088,""RELYANCE BANK, NATIONAL ASSOCIATION"",""RELYANCE BANK, NATIONAL ASSOCIATION"",917 CHERRY STREET ,PINE BLUFF,AR,71601,71601,41,2014-10-27T16:45:45"
49344,1001,0,10973,72403677,MASON STATE BANK,MASON STATE BANK,322 SOUTH JEFFERSON STREET ,MASON,MI,48854,48854,41,2014-10-29T16:03:36
49643,15116,0,0,75907345,PALMYRA STATE BANK,PALMYRA STATE BANK,111 EAST MAIN STREET ,PALMYRA,WI,53156,53156,41,2014-10-29T17:24:20
49652,16473,0,0,101102438,FIRST BANK,FIRST BANK,128 SOUTH BROADWAY ,STERLING,KS,67579,67579,41,2014-10-23T17:20:34
49821,12267,0,10510,53100685,HIGH POINT BANK AND TRUST COMPANY,HIGH POINT BANK AND TRUST COMPANY,300 NORTH MAIN STREET ,HIGH POINT,NC,27260,27260,41,2014-10-17T16:23:18
49858,26727,0,0,114917157,BANK OF SOUTH TEXAS,BANK OF SOUTH TEXAS,1421 EAST NOLANA AVENUE ,MCALLEN,TX,78504,78504,41,2014-10-30T10:41:34
"49951,4041,0,0,103110305,""FIRST SECURITY BANK, THE"",FIRST SECURITY BANK,15 SOUTH DOUGLAS AVENUE ,BEAVER,OK,73932,73932,41,2014-10-30T18:22:35"
50144,14561,0,0,83906228,STATE BANK OF MEDORA,STATE BANK OF MEDORA,24 EAST MAIN STREET ,MEDORA,IN,47260,47260,41,2014-10-06T10:44:48
"50461,23242,0,0,121038265,CALIFORNIA PACIFIC BANK,CALIFORNIA PACIFIC BANK,""250 MONTGOMERY STREET, SUITE 500 "",SAN FRANCISCO,CA,94104,94104,41,2014-10-14T16:58:44"
50546,1298,0,0,84106221,LITTLE RIVER BANK,LITTLE RIVER BANK,202 GREENWOOD AVENUE ,LEPANTO,AR,72354,72354,41,2014-10-22T11:24:10
50854,2332,0,0,103112358,WILBURTON STATE BANK,WILBURTON STATE BANK,123 EAST MAIN STREET ,WILBURTON,OK,74578,74578,41,2014-10-21T13:06:52
50872,29313,703267,3267,242170646,WINCHESTER FEDERAL BANK,WINCHESTER FEDERAL BANK,57 SOUTH MAIN STREET ,WINCHESTER,KY,40391,40391,41,2014-10-30T15:08:53
50957,1149,0,0,101014924,ALTERRA BANK,ALTERRA BANK,11300 TOMAHAWK CREEK PARKWAY SUITE 100,LEAWOOD,KS,66211,66211,41,2014-11-04T13:52:10
51253,9176,0,0,84307761,BANK OF CAMDEN,BANK OF CAMDEN,102 EAST MAIN STREET ,CAMDEN,TN,38320,38320,41,2014-10-30T14:48:49
51356,22839,0,0,103102300,LATIMER STATE BANK,LATIMER STATE BANK,301 WEST MAIN STREET ,WILBURTON,OK,74578,74578,41,2014-10-06T14:35:34
51459,16436,0,0,101110271,CENTERA BANK,CENTERA BANK,119 SOUTH INMAN ,SUBLETTE,KS,67877,67877,41,2014-10-29T16:18:38
51730,22131,0,14988,62102713,CITY BANK OF HARTFORD,CITY BANK OF HARTFORD,307 WEST MAIN STREET ,HARTFORD,AL,36344,36344,41,2014-10-24T11:27:27
51842,14445,0,0,75902670,FARMERS & MERCHANTS UNION BANK,FARMERS AND MERCHANTS UNION BANK,159 WEST JAMES STREET ,COLUMBUS,WI,53925,53925,41,2014-10-17T12:39:28
"52719,90544,0,0,26002066,""DEPOSITORY TRUST COMPANY, THE"",DEPOSITORY TRUST COMPANY,55 WATER STREET ,NEW YORK,NY,10041,10041,41,2014-10-29T10:23:01"
"52951,8980,0,0,103109374,""SECURITY STATE BANK OF WEWOKA, OKLAHOMA"",""SECURITY STATE BANK OF WEWOKA, OKLAHOMA"",210 SOUTH MEKUSUKEY ,WEWOKA,OK,74884,74884,41,2014-10-20T14:20:35"
"53033,21837,16401,0,67009646,""SABADELL UNITED BANK, NATIONAL ASSOCIATION"",""SABADELL UNITED BANK, NATIONAL ASSOCIATION"",1111 BRICKELL AVENUE 29TH FLOOR ,MIAMI,FL,33131,33131,41,2014-10-30T17:53:11"
"53051,11916,0,0,111909773,""BUCKHOLTS STATE BANK, THE"",BUCKHOLTS STATE BANK,100 N. 4TH STREET ,BUCKHOLTS,TX,76518,76518,41,2014-10-30T15:53:19"
53752,16182,0,0,113122082,FIRST STATE BANK,FIRST STATE BANK,101 WORTH STREET ,HEMPHILL,TX,75948,75948,41,2014-10-28T17:29:11
54049,11603,0,0,75906524,BANK OF POYNETTE,BANK OF POYNETTE,105 SOUTH MAIN STREET ,POYNETTE,WI,53955,53955,41,2014-10-30T17:10:51
54058,1868,0,0,101106285,BANK OF TESCOTT,BANK OF TESCOTT,FIRST AND MAIN STREETS ,TESCOTT,KS,67484,67484,41,2014-10-03T11:53:54
54375,28915,0,0,283071827,YOUR COMMUNITY BANK,YOUR COMMUNITY BANK,101 WEST SPRING STREET ,NEW ALBANY,IN,47150,47150,41,2014-10-30T15:19:21
54441,6183,0,0,75903637,AMERICAN BANK & TRUST WISCONSIN,AMERICAN BANK AND TRUST WISCONSIN,100 NORTH MAIN STREET ,CUBA CITY,WI,538070827,53807,41,2014-10-28T12:49:41
54656,12501,0,0,111908965,CITIZENS STATE BANK,CITIZENS STATE BANK,1330 WEST COMMERCE STREET ,BUFFALO,TX,758319705,75831,41,2014-10-28T16:03:19
"54973,32526,708384,8384,321370765,""AMERICAN SAVINGS BANK, F.S.B."",""AMERICAN SAVINGS BANK, F.S.B."",915 FORT STREET MALL ,HONOLULU,HI,96813,96813,41,2014-10-30T19:17:31"
55336,16539,0,0,65404560,METAIRIE BANK & TRUST COMPANY,METAIRIE BANK AND TRUST COMPANY,3344 METAIRIE ROAD ,METAIRIE,LA,70001,70001,41,2014-10-08T16:49:53
55635,10319,0,0,64000185,CITIZENS SAVINGS BANK AND TRUST COMPANY,CITIZENS SAVINGS BANK AND TRUST COMPANY,2013 JEFFERSON STREET ,NASHVILLE,TN,37208,37208,41,2014-10-29T15:14:02
55653,1150,0,0,101100676,FIDELITY STATE BANK AND TRUST COMPANY,FIDELITY STATE BANK AND TRUST COMPANY,600 KANSAS AVENUE ,TOPEKA,KS,66603,66603,41,2014-10-28T15:28:59
55970,28914,702610,2610,323270274,EVERGREEN FEDERAL SAVINGS AND LOAN ASSOCIATION,EVERGREEN FEDERAL SAVINGS AND LOAN ASSOCIATION,969 SOUTHEAST SIXTH STREET ,GRANTS PASS,OR,97526,97526,41,2014-10-29T20:40:44
"56258,10218,0,0,91901862,""CITIZENS BANK & TRUST CO., HUTCHINSON, MINN."",""CITIZENS BANK AND TRUST CO., HUTCHINSON, MINN."",102 MAIN STREET S. ,HUTCHINSON,MN,55350,55350,41,2014-10-14T12:24:10"
56351,3250,13443,0,111903151,CITIZENS NATIONAL BANK,CITIZENS NATIONAL BANK,201 WEST MAIN STREET ,HENDERSON,TX,75652,75652,41,2014-10-27T16:51:03
"56427,7919,5833,0,43307841,""CITIZENS NATIONAL BANK OF MEYERSDALE, THE"",CITIZENS NATIONAL BANK OF MEYERSDALE,135 CENTER STREET ,MEYERSDALE,PA,15552,15552,41,2014-10-23T12:47:40"
56548,14769,0,0,75910484,DMB COMMUNITY BANK,DMB COMMUNITY BANK,321 NORTH MAIN STREET ,DE FOREST,WI,53532,53532,41,2014-10-13T17:53:08
56557,22683,0,0,102003206,COBIZ BANK,COBIZ BANK,821 17TH STREET ,DENVER,CO,80202,80202,41,2014-10-29T19:00:50
"56717,9888,0,0,31308551,""DIME BANK, THE"",DIME BANK,820-822 CHURCH STREET ,HONESDALE,PA,18431,18431,41,2014-10-27T15:56:41"
57040,14468,14184,0,75903019,FIRST NATIONAL BANK AT DARLINGTON,FIRST NATIONAL BANK AT DARLINGTON,245 MAIN STREET ,DARLINGTON,WI,53530,53530,41,2014-10-24T11:28:45
57228,5866,0,15171,55002998,NEW WINDSOR STATE BANK,NEW WINDSOR STATE BANK,213 MAIN STREET ,NEW WINDSOR,MD,21776,21776,41,2014-10-22T16:19:14
57451,17162,0,0,91811004,DAIRY STATE BANK,DAIRY STATE BANK,16 S. MAIN STREET ,RICE LAKE,WI,54868,54868,41,2014-10-21T11:51:28
58177,29323,703280,3280,242272670,RIPLEY FEDERAL SAVINGS BANK,RIPLEY FEDERAL SAVINGS BANK,1006 SOUTH SECOND ST ,RIPLEY,OH,45167,45167,41,2014-10-28T15:03:27
"58207,6212,0,11281,11701314,""FIRST COLEBROOK BANK, THE"",FIRST COLEBROOK BANK,132 MAIN STREET ,COLEBROOK,NH,3576,3576,41,2014-10-30T13:44:43"
"58225,769,0,0,44205146,""FARMERS BANK AND SAVINGS COMPANY, THE"",FARMERS BANK AND SAVINGS COMPANY,211 WEST SECOND STREET ,POMEROY,OH,45769,45769,41,2014-10-24T15:20:33"
58243,20296,0,0,75911852,JOHNSON BANK,JOHNSON BANK,555 MAIN STREET ,RACINE,WI,53403,53403,41,2014-10-30T17:39:53
58355,9733,0,0,91208141,VANTAGE BANK,VANTAGE BANK,202 MAIN STREET ,KENT,MN,56553,56553,41,2014-10-23T09:59:58
58551,421,0,0,103109581,SECURITY STATE BANK,SECURITY STATE BANK,402 BROADWAY ,CHEYENNE,OK,73628,73628,41,2014-10-02T15:29:10
58636,11448,0,11294,65303328,CENTURY BANK,CENTURY BANK,4282 MAIN STREET ,LUCEDALE,MS,39452,39452,41,2014-10-27T13:19:35
58757,1409,0,0,91208138,KENSINGTON BANK,KENSINGTON BANK,11 N. CENTRAL AVENUE ,KENSINGTON,MN,56343,56343,41,2014-10-29T15:36:40
58971,1281,0,0,125100089,WASHINGTON TRUST BANK,WASHINGTON TRUST BANK,717 WEST SPRAGUE AVENUE ,SPOKANE,WA,99201,99201,41,2014-10-30T14:11:59
59316,698,0,0,31308548,WAYNE BANK,WAYNE BANK,717 MAIN STREET ,HONESDALE,PA,18431,18431,41,2014-10-30T13:23:39
59352,3127,5484,0,111902819,CITIZENS NATIONAL BANK,CITIZENS NATIONAL BANK,118 SOUTH HOUSTON STREET ,CAMERON,TX,76520,76520,41,2014-10-27T10:15:33
59370,30680,705740,5740,252172485,FIRST SHORE FEDERAL SAVINGS AND LOAN ASSOCIATION,FIRST SHORE FEDERAL SAVINGS AND LOAN ASSOCIATION,106 SOUTH DIVISION STREET ,SALISBURY,MD,21801,21801,41,2014-10-30T15:49:37
"59754,2317,0,0,103109206,""BANK OF WYANDOTTE, THE"",BANK OF WYANDOTTE,MAIN STREET AT BROADWAY ,WYANDOTTE,OK,74370,74370,41,2014-10-08T14:11:33"
60143,983,0,0,111000753,COMERICA BANK,COMERICA BANK,1717 MAIN STREET ,DALLAS,TX,75201,75201,31,2014-10-30T17:29:47
60330,22537,0,13233,62203010,PEOPLES BANK OF ALABAMA,PEOPLES BANK OF ALABAMA,1912 CHEROKEE AVENUE SOUTH WEST ,CULLMAN,AL,35055,35055,41,2014-10-29T13:03:08
"60545,963,0,0,73903493,""HOME TRUST & SAVINGS BANK, THE"",HOME TRUST AND SAVINGS BANK,628 MAIN STREET ,OSAGE,IA,50461,50461,41,2014-10-29T18:14:10"
60554,10162,0,0,91204404,FIRST STATE BANK MINNESOTA,FIRST STATE BANK MINNESOTA,102 W. MAIN STREET ,LE ROY,MN,55951,55951,41,2014-10-22T13:20:54
60648,4324,10465,0,74907126,FIRST NATIONAL BANK,FIRST NATIONAL BANK,302 SOUTH MAIN STREET ,CLOVERDALE,IN,46120,46120,41,2014-10-24T10:23:55
61122,4857,0,10579,52100987,FIRST UNITED BANK & TRUST,FIRST UNITED BANK AND TRUST,19 SOUTH SECOND STREET ,OAKLAND,MD,21550,21550,41,2014-10-30T08:21:44
61177,30695,705760,5760,304971974,HOME FEDERAL SAVINGS AND LOAN ASSOCIATION OF NEBRASKA,HOME FEDERAL SAVINGS AND LOAN ASSOCIATION OF NEBRASKA,201 WEST 7TH STREET ,LEXINGTON,NE,68850,68850,41,2014-10-29T01:03:29
61355,6063,23771,0,91408899,CORTRUST BANK NATIONAL ASSOCIATION,CORTRUST BANK NATIONAL ASSOCIATION,100 EAST HAVENS & MAIN ,MITCHELL,SD,57301,57301,41,2014-10-24T17:56:57
61476,26590,0,13875,211373584,PILGRIM BANK,PILGRIM BANK,40 S. MAIN STR ,COHASSET,MA,2025,2025,41,2014-10-30T09:38:02
61757,8843,15037,0,91903051,AMERICAN HERITAGE NATIONAL BANK,AMERICAN HERITAGE NATIONAL BANK,24 SECOND ST. SOUTH ,LONG PRAIRIE,MN,56347,56347,41,2014-10-23T15:57:28
"61832,3579,13102,16000,63104312,""FIRST NATIONAL BANK OF MOUNT DORA, THE"",FIRST NATIONAL BANK OF MOUNT DORA,714 NORTH DONNELLY STREET ,MOUNT DORA,FL,32757,32757,41,2014-10-29T15:54:16"
"61953,4071,6879,0,103103600,""FIRST NATIONAL BANK OF COWETA, THE"",FIRST NATIONAL BANK OF COWETA,106 SOUTH BROADWAY ,COWETA,OK,74429,74429,41,2014-10-28T09:56:37"
62044,21342,0,0,83902439,SEBREE DEPOSIT BANK,SEBREE DEPOSIT BANK,7079 STATE ROUTE 56 EAST ,SEBREE,KY,42455,42455,41,2014-10-28T12:53:49
"62110,26622,24920,0,0,""ROCKEFELLER TRUST COMPANY, NATIONAL ASSOCIATION"",""ROCKEFELLER TRUST COMPANY, NATIONAL ASSOCIATION"",10 ROCKEFELLER PLAZA ,NEW YORK,NY,10020,10020,41,2014-10-30T15:05:27"
62147,12512,0,0,75906702,COMMUNITY FIRST BANK,COMMUNITY FIRST BANK,275 WEST GRAND AVENUE ,ROSHOLT,WI,54473,54473,41,2014-10-30T17:42:51
62772,30698,0,0,264171209,FIRST ADVANTAGE BANK,FIRST ADVANTAGE BANK,1430 MADISON STREET ,CLARKSVILLE,TN,37040,37040,41,2014-10-17T14:39:24
"63050,17959,0,0,102104927,""DOLORES STATE BANK, THE"",DOLORES STATE BANK,101 SOUTH 6TH ,DOLORES,CO,81323,81323,41,2014-10-22T10:46:26"
63069,17281,14695,0,122016066,CITY NATIONAL BANK,CITY NATIONAL BANK,400 NORTH ROXBURY DRIVE ,BEVERLY HILLS,CA,90210,90210,31,2014-10-30T20:50:43
63201,6954,412,0,21306547,CAYUGA LAKE NATIONAL BANK,CAYUGA LAKE NATIONAL BANK,165 CAYUGA STREET ,UNION SPRINGS,NY,13160,13160,41,2014-10-21T08:15:40
63573,26487,0,13294,211373063,WALPOLE CO-OPERATIVE BANK,WALPOLE CO-OPERATIVE BANK,982 MAIN STREET ,WALPOLE,MA,2081,2081,41,2014-10-27T12:24:27
63733,1711,0,0,64102740,CITIZENS BANK,CITIZENS BANK,400 HIGHWAY 52 BYPASS WEST ,LAFAYETTE,TN,37083,37083,41,2014-10-30T16:50:49
63742,12781,0,0,75906854,HOMETOWN BANK,HOMETOWN BANK,80 SHEBOYGAN STREET ,FOND DU LAC,WI,54935,54935,41,2014-10-24T10:17:15
63751,15009,0,0,101110608,TOWANDA STATE BANK,TOWANDA STATE BANK,400 MAIN STREET ,TOWANDA,KS,67144,67144,41,2014-10-29T23:28:36
64150,8718,0,0,102301636,WYOMING BANK & TRUST,WYOMING BANK AND TRUST,5827 YELLOWSTONE ROAD ,CHEYENNE,WY,82009,82009,41,2014-11-05T16:44:15
64543,15714,0,0,81304822,BLOOMFIELD STATE BANK,BLOOMFIELD STATE BANK,48 NORTH WASHINGTON STREET ,BLOOMFIELD,IN,47424,47424,41,2014-10-27T12:21:27
64552,11521,0,0,103012966,BANK2,BANK2,909 SOUTH  MERIDIAN AVENUE ,OKLAHOMA CITY,OK,73108,73108,41,2014-10-29T17:48:26
64730,9069,0,14826,61110557,FARMERS & MERCHANTS BANK,FARMERS AND MERCHANTS BANK,100 SOUTH MADISON AVENUE ,EATONTON,GA,31024,31024,41,2014-10-21T09:06:48
"65205,16636,0,12135,211174165,""TORRINGTON SAVINGS BANK, THE"",TORRINGTON SAVINGS BANK,129 MAIN STREET BOX 478,TORRINGTON,CT,6790,6790,41,2014-10-28T14:54:21"
65241,14980,0,0,73921653,CLARKE COUNTY STATE BANK,CLARKE COUNTY STATE BANK,139 SOUTH MAIN STREET ,OSCEOLA,IA,50213,50213,41,2014-10-06T15:40:16
65513,26633,20547,0,26010773,DELTA NATIONAL BANK AND TRUST COMPANY,DELTA NATIONAL BANK AND TRUST COMPANY,650 FIFTH AVE 26 FL ,NEW YORK,NY,10019,10019,31,2014-10-29T15:37:46
65559,15562,0,0,91408763,PIONEER BANK & TRUST,PIONEER BANK AND TRUST,700 STATE STREET ,BELLE FOURCHE,SD,57717,57717,41,2014-11-05T13:55:43
65746,5840,0,0,83901621,CITIZENS UNION BANK OF SHELBYVILLE,CITIZENS UNION BANK OF SHELBYVILLE,1854 MIDLAND TRAIL ,SHELBYVILLE,KY,40065,40065,41,2014-10-29T14:39:56
65858,4789,0,0,101100579,EMPRISE BANK,EMPRISE BANK,257 NORTH BROADWAY ,WICHITA,KS,67202,67202,41,2014-10-29T11:46:07
66154,6101,0,0,84303639,DECATUR COUNTY BANK,DECATUR COUNTY BANK,56 NORTH PLEASANT STREET ,DECATURVILLE,TN,38329,38329,41,2014-10-24T17:47:37
66275,29332,0,3294,262283665,FIRST SOUTHERN BANK,FIRST SOUTHERN BANK,301 SOUTH COURT STREET ,FLORENCE,AL,35630,35630,41,2014-10-30T11:30:03
66677,28346,701409,1409,242071017,CINCINNATI FEDERAL SAVINGS AND LOAN ASSOCIATION,CINCINNATI FEDERAL SAVINGS AND LOAN ASSOCIATION,6581 HARRISON AVE 3RD FL ,CINCINNATI,OH,45247,45247,41,2014-10-16T16:39:30
67142,13113,0,0,81303920,PEOPLES TRUST AND SAVINGS BANK,PEOPLES TRUST AND SAVINGS BANK,132 SOUTH THIRD STREET ,BOONVILLE,IN,47601,47601,41,2014-10-21T14:09:08
67151,20156,0,0,103001469,KIRKPATRICK BANK,KIRKPATRICK BANK,15 EAST 15TH STREET ,EDMOND,OK,73013,73013,41,2014-10-28T16:54:47
67209,90251,0,8496,211371502,NEWBURYPORT FIVE CENTS SAVINGS BANK,NEWBURYPORT FIVE CENTS SAVINGS BANK,63 STATE STREET ,NEWBURYPORT,MA,1950,1950,41,2014-10-29T14:55:06
67254,27010,0,0,102006012,YOUNG AMERICANS BANK,YOUNG AMERICANS BANK,3550 EAST 1ST AVENUE ,DENVER,CO,80206,80206,41,2014-11-14T11:31:49
"67311,13675,14579,0,41200555,""FIRSTMERIT BANK, N.A."",""FIRSTMERIT BANK, NATIONAL ASSOCIATION"",106 S MAIN ST ,AKRON,OH,443081444,44308,41,2014-10-28T15:16:57"
67656,32629,708547,8547,91406833,FIRST SAVINGS BANK,FIRST SAVINGS BANK,201 N. 3RD STREET ,BERESFORD,SD,57004,57004,41,2014-10-27T10:19:57
67870,29331,703293,3293,261270789,THOMAS COUNTY FEDERAL SAVINGS & LOAN ASSOCIATION,THOMAS COUNTY FEDERAL SAVINGS AND LOAN ASSOCIATION,131 SOUTH DAWSON STREET ,THOMASVILLE,GA,317925506,31792,41,2014-10-29T15:04:04
"68345,1884,0,0,83901414,""PEOPLES BANK OF BULLITT COUNTY, THE"",PEOPLES BANK OF BULLITT COUNTY,1612 HIGHWAY 44 EAST ,SHEPHERDSVILLE,KY,40165,40165,41,2014-10-28T15:34:35"
68448,5325,11463,0,75902120,UNION NATIONAL BANK & TRUST COMPANY,UNION NATIONAL BANK AND TRUST COMPANY,124 WEST OAK STREET ,SPARTA,WI,54656,54656,41,2014-10-17T14:38:52
"68671,31864,707547,7547,265371066,""GRAND BANK FOR SAVINGS, F.S.B."",""GRAND BANK FOR SAVINGS, F.S.B."",204 WESTOVER DRIVE ,HATTIESBURG,MS,39402,39402,41,2014-10-27T15:59:57"
"68756,11522,23516,0,103107392,LIBERTY NATIONAL BANK,LIBERTY NATIONAL BANK,""629 SW C AVENUE, SUITE B "",LAWTON,OK,73501,73501,41,2014-11-05T14:48:49"
68831,10594,0,0,65304327,BANK OF FRANKLIN,BANK OF FRANKLIN,9 MAIN STREET ,MEADVILLE,MS,39653,39653,41,2014-10-22T17:06:02
68840,15177,0,0,75902816,UNION BANK & TRUST COMPANY,UNION BANK AND TRUST COMPANY,2 EAST MAIN STREET ,EVANSVILLE,WI,535361122,53536,41,2014-10-31T11:57:03
"68859,3014,2637,0,102100552,""FIRST NATIONAL BANK OF DURANGO, THE"",FIRST NATIONAL BANK OF DURANGO,259 WEST NINTH STREET ,DURANGO,CO,81301,81301,41,2014-10-24T15:11:13"
68943,15484,0,0,73901288,TRUBANK,TRUBANK,302 SOUTH MARKET STREET ,OSKALOOSA,IA,52577,52577,41,2014-10-16T15:46:12
"69333,4993,7266,0,65300211,""CITIZENS NATIONAL BANK OF MERIDIAN, THE"",CITIZENS NATIONAL BANK OF MERIDIAN,512 22ND AVENUE ,MERIDIAN,MS,39301,39301,41,2014-10-28T17:13:11"
69678,2987,3956,0,123300153,BAKER BOYER NATIONAL BANK,BAKER BOYER NATIONAL BANK,7 WEST MAIN STREET ,WALLA WALLA,WA,99362,99362,41,2014-10-23T13:08:38
70049,13147,0,0,74905380,COMMUNITY BANK,COMMUNITY BANK,830 LOGAN STREET ,NOBLESVILLE,IN,46060,46060,41,2014-10-23T13:51:28
"70058,1480,0,0,84302232,""FARMERS & MERCHANTS BANK, THE"",FARMERS AND MERCHANTS BANK,110 SOUTH MAIN ,DYER,TN,38330,38330,41,2014-10-30T12:10:25"
70218,23373,0,10769,26002752,UNITED ORIENT BANK,UNITED ORIENT BANK,10 CHATHAM SQUARE ,NEW YORK,NY,10013,10013,41,2014-10-29T10:26:47
"70414,7666,7005,0,31312835,""NORTHUMBERLAND NATIONAL BANK, THE"",NORTHUMBERLAND NATIONAL BANK,245 FRONT STREET ,NORTHUMBERLAND,PA,17857,17857,41,2014-10-29T12:08:05"
70638,9366,0,12640,65303467,PEOPLES BANK,PEOPLES BANK,160 EAST MAUD AVENUE ,MENDENHALL,MS,39114,39114,41,2014-10-20T12:55:39
70955,13696,0,0,104112917,NEBRASKA STATE BANK,NEBRASKA STATE BANK,301 PRAIRIE AVENUE ,BRISTOW,NE,68719,68719,41,2014-10-15T12:13:22
71073,28349,701412,1412,241271614,HOME FEDERAL SAVINGS AND LOAN ASSOCIATION OF NILES OHIO,HOME FEDERAL SAVINGS AND LOAN ASSOCIATION OF NILES OHIO,55 N MAIN ST ,NILES,OH,44446,44446,41,2014-10-25T10:52:55
"71318,7464,661,0,31908074,""DNB FIRST, NATIONAL ASSOCIATION"",""DNB FIRST, NATIONAL ASSOCIATION"",4 BRANDYWINE AVENUE ,DOWNINGTOWN,PA,19335,19335,41,2014-10-30T12:14:03"
71457,18748,0,0,104106693,BRUNING STATE BANK,BRUNING STATE BANK,104 MAIN STREET ,BRUNING,NE,68322,68322,41,2014-10-15T16:52:04
71859,13959,0,0,101110802,CBW BANK,CBW BANK,109 EAST MAIN STREET ,WEIR,KS,66781,66781,41,2014-10-21T15:08:12
"72258,12591,0,0,102301542,""CONVERSE COUNTY BANK, THE"",CONVERSE COUNTY BANK,322 EAST WALNUT STREET ,DOUGLAS,WY,82633,82633,41,2014-10-29T13:20:08"
72351,16941,0,0,101104342,FARMERS STATE BANK,FARMERS STATE BANK,211 EAST SAINT JOSEPH STREET ,WATHENA,KS,66090,66090,41,2014-10-14T12:02:22
72454,8210,0,0,91907578,FREEPORT STATE BANK,FREEPORT STATE BANK,111 MAIN STREET EAST ,FREEPORT,MN,56331,56331,41,2014-10-16T10:08:06
72678,28348,0,1411,243270671,BELMONT SAVINGS BANK,BELMONT SAVINGS BANK,3301 GUERNSEY STREET ,BELLAIRE,OH,43906,43906,41,2014-10-30T16:49:59
73116,17123,0,13184,231175759,ARTISANS' BANK,ARTISANS' BANK,2961 CENTERVILLE ROAD ,WILMINGTON,DE,19808,19808,41,2014-10-22T08:08:06
"73152,4097,9767,0,103102342,""FARMERS AND MERCHANTS NATIONAL BANK OF FAIRVIEW, THE"",FARMERS AND MERCHANTS NATIONAL BANK OF FAIRVIEW,312 NORTH MAIN STREET ,FAIRVIEW,OK,73737,73737,41,2014-10-16T11:48:40"
73554,1992,0,0,104913190,PATHWAY BANK,PATHWAY BANK,306 SOUTH HIGH STREET ,CAIRO,NE,68824,68824,41,2014-10-30T13:53:21
73956,12422,0,0,101101057,SECURITY STATE BANK,SECURITY STATE BANK,101 NORTH WASHINGTON AVENUE ,WELLINGTON,KS,67152,67152,41,2014-11-12T12:18:53
74056,16707,0,0,104113738,SOUTH CENTRAL STATE BANK,SOUTH CENTRAL STATE BANK,673 BROAD STREET ,CAMPBELL,NE,68932,68932,41,2014-10-24T14:26:49
74140,1005,0,14121,72403004,ISABELLA BANK,ISABELLA BANK,139 EAST BROADWAY ,MOUNT PLEASANT,MI,48858,48858,41,2014-10-30T09:31:24
"74159,1682,0,0,91402578,""DAKOTA STATE BANK OF BLUNT, SOUTH DAKOTA, THE"",""DAKOTA STATE BANK OF BLUNT, SOUTH DAKOTA"",211 N. MAIN ST. ,BLUNT,SD,57522,57522,41,2014-10-17T11:45:54"
74403,17960,0,13444,211470225,MERRIMACK COUNTY SAVINGS BANK,MERRIMACK COUNTY SAVINGS BANK,89 NORTH MAIN STREET BOX 2826,CONCORD,NH,3301,3301,41,2014-10-30T15:43:27
74449,14400,14150,0,75906977,FIRST NATIONAL BANK IN TIGERTON,FIRST NATIONAL BANK IN TIGERTON,140 CEDAR STREET ,TIGERTON,WI,54486,54486,41,2014-10-26T19:45:35
75053,5151,0,0,91902353,FIRST MINNESOTA BANK,FIRST MINNESOTA BANK,4625 COUNTY ROAD 101 ,MINNETONKA,MN,55345,55345,41,2014-10-30T17:31:05
"75259,12484,0,0,103112015,FIRST OKLAHOMA BANK,FIRST OKLAHOMA BANK,""2448 EAST 81ST STREET, SUITE 5700 "",TULSA,OK,74137,74137,41,2014-10-30T12:51:51"
75446,9099,0,0,73900690,SOUTH OTTUMWA SAVINGS BANK,SOUTH OTTUMWA SAVINGS BANK,320 CHURCH STREET ,OTTUMWA,IA,52501,52501,41,2014-10-30T15:20:13
"75455,10187,0,0,91215817,""NORTHERN STATE BANK OF GONVICK, THE"",NORTHERN STATE BANK OF GONVICK,SECOND AND MAIN STREETS ,GONVICK,MN,56644,56644,41,2014-10-13T03:34:38"
"75558,3086,3286,0,111304912,""FIRST BANK TEXAS, SSB"",""FIRST BANK TEXAS, SSB"",244 MARKET STREET ,BAIRD,TX,79504,79504,41,2014-11-12T07:35:07"
75633,16571,14583,0,71000288,BMO HARRIS BANK NATIONAL ASSOCIATION,BMO HARRIS BANK NATIONAL ASSOCIATION,111 WEST MONROE ,CHICAGO,IL,60603,60603,31,2014-10-30T18:20:01
75651,1993,0,0,104909201,CERESCOBANK,CERESCOBANK,130 WEST ELM ,CERESCO,NE,68017,68017,41,2014-10-27T18:48:41
76135,20290,0,0,71925509,HIGHLAND COMMUNITY BANK,HIGHLAND COMMUNITY BANK,1701 WEST 87TH STREET ,CHICAGO,IL,60620,60620,41,2014-10-30T10:27:46
76153,16953,0,0,104909942,BANK OF CLARKS,BANK OF CLARKS,301 NORTH GREEN STREET ,CLARKS,NE,68628,68628,41,2014-10-16T16:24:34
"76443,1566,0,0,83903690,""PEOPLES BANK, THE"",PEOPLES BANK,23 WEST MAIN STREET ,TAYLORSVILLE,KY,40071,40071,41,2014-10-28T16:26:05"
76854,22065,0,0,103912875,GRAND BANK,GRAND BANK,4200 EAST SKELLY DRIVE ,TULSA,OK,74135,74135,41,2014-10-29T13:04:04
77150,15621,0,0,91216243,FIRST FARMERS & MERCHANTS STATE BANK OF GRAND MEADOW,FIRST FARMERS AND MERCHANTS STATE BANK OF GRAND MEADOW,105 NORTH MAIN STREET ,GRAND MEADOW,MN,55936,55936,41,2014-10-27T09:59:19
"77253,15345,14351,0,114903174,""HONDO NATIONAL BANK, THE"",HONDO NATIONAL BANK,1112 18TH STREET ,HONDO,TX,788611833,78861,41,2014-10-22T10:46:46"
77422,26871,0,16317,51005106,COMMUNITY BANKERS' BANK,COMMUNITY BANKERS' BANK,2601 PROMENADE PARKWAY ,MIDLOTHIAN,VA,23113,23113,41,2014-10-30T14:47:41
77851,3973,0,0,91408446,FIRST BANK & TRUST,FIRST BANK AND TRUST,520 6TH STREET ,BROOKINGS,SD,57006,57006,41,2014-11-06T11:13:57
78157,26653,0,0,114918305,BANDERA BANK,BANDERA BANK,207 MAIN STREET ,BANDERA,TX,78003,78003,41,2014-10-24T11:25:07
"78241,21379,16256,0,82901376,""FIRST NATIONAL BANK OF MCGEHEE, THE"",FIRST NATIONAL BANK OF MCGEHEE,500 NORTH SECOND STREET ,MCGEHEE,AR,71654,71654,41,2014-10-22T18:28:12"
78559,25054,18154,0,102305373,SUMMIT NATIONAL BANK,SUMMIT NATIONAL BANK,133 MAIN STREET ,HULETT,WY,82720,82720,41,2014-10-27T10:57:53
78858,3258,0,0,113025150,PATRIOT BANK,PATRIOT BANK,7500 SAN FELIPE STREET SUITE 125,HOUSTON,TX,77063,77063,41,2014-10-30T17:13:21
79042,12166,0,0,83906668,WEST POINT BANK,WEST POINT BANK,600 WEST LINCOLN TRAIL BOULEVARD ,RADCLIFF,KY,40160,40160,41,2014-10-24T09:57:37
79127,6680,9815,0,44208512,HOME NATIONAL BANK,HOME NATIONAL BANK,502 ELM STREET ,RACINE,OH,45771,45771,41,2014-10-29T08:10:57
79145,13242,0,0,75907099,FARMERS & MERCHANTS STATE BANK,FARMERS AND MERCHANTS STATE BANK,210 WEST MADISON STREET ,WATERLOO,WI,53594,53594,41,2014-11-05T10:20:57
79257,8857,0,0,91905813,FIRST STATE BANK OF GROVE CITY,FIRST STATE BANK OF GROVE CITY,110 ATLANTIC AVE. WEST ,GROVE CITY,MN,56243,56243,41,2014-10-09T16:05:35
79855,5396,0,0,104901144,CITY BANK & TRUST CO.,CITY BANK AND TRUST CO.,2929 PINE LAKE ROAD ,LINCOLN,NE,68516,68516,41,2014-10-21T14:19:12
80020,7907,0,0,43312344,MANOR BANK,MANOR BANK,83 RACE STREET ,MANOR,PA,15665,15665,41,2014-10-22T15:12:02
80150,1122,0,0,91403865,FIRST FIDELITY BANK,FIRST FIDELITY BANK,745 MAIN STREET ,BURKE,SD,57523,57523,41,2014-10-15T10:11:12
80374,29345,703313,3313,241270903,FIRST FEDERAL SAVINGS AND LOAN ASSOCIATION OF DELTA,FIRST FEDERAL SAVINGS AND LOAN ASSOCIATION OF DELTA,404 MAIN STREET ,DELTA,OH,43515,43515,41,2014-10-17T11:50:10
80431,9179,0,14563,64105666,UNION BANK & TRUST COMPANY,UNION BANK AND TRUST COMPANY,201 EAST MAIN ,LIVINGSTON,TN,38570,38570,41,2014-10-30T13:20:53
80552,8199,0,0,91907785,STATE BANK OF HAMBURG,STATE BANK OF HAMBURG,591 PARK AVE. ,HAMBURG,MN,55339,55339,41,2014-10-21T09:00:24
80936,19195,0,14472,61101100,CAPITAL BANK,CAPITAL BANK,625 BATTLEFIELD PARKWAY ,FORT OGLETHORPE,GA,30742,30742,41,2014-10-30T09:46:54
81175,31485,707056,7056,304971932,EQUITABLE BANK,EQUITABLE BANK,113 NORTH LOCUST ,GRAND ISLAND,NE,68801,68801,41,2014-10-28T16:27:33
81429,27055,0,11640,53201953,CLOVER COMMUNITY BANK,CLOVER COMMUNITY BANK,124 NORTH MAIN ,CLOVER,SC,29710,29710,41,2014-10-23T12:27:12
82033,26829,20976,13325,63112728,FIRST NATIONAL BANK OF PASCO,FIRST NATIONAL BANK OF PASCO,13315 US HIGHWAY 301 ,DADE CITY,FL,33525,33525,41,2014-10-31T17:47:38
82257,6064,0,0,91407052,BRYANT STATE BANK,BRYANT STATE BANK,124 W. MAIN AVE. ,BRYANT,SD,57221,57221,41,2014-10-07T17:09:59
"82350,22835,0,0,84303118,""LAUDERDALE COUNTY BANK, THE"",LAUDERDALE COUNTY BANK,305 SOUTH CHURCH ,HALLS,TN,38040,38040,41,2014-10-28T17:08:15"
82659,10957,0,0,91904872,CITIZENS STATE BANK OF HAYFIELD,CITIZENS STATE BANK OF HAYFIELD,216 1ST AVENUE NE ,HAYFIELD,MN,55940,55940,41,2014-10-27T12:25:17
83151,8188,0,0,91907882,FLAGSHIP BANK MINNESOTA,FLAGSHIP BANK MINNESOTA,445 EAST LAKE STREET SUITE 110,WAYZATA,MN,55391,55391,41,2014-10-31T16:24:31
83236,19125,0,0,63201875,BANK OF THE SOUTH,BANK OF THE SOUTH,4410 WEST FAIRFIELD DRIVE ,PENSACOLA,FL,32506,32506,41,2014-10-30T14:57:23
83375,28362,0,0,307072443,CENTURY BANK,CENTURY BANK,100 SOUTH FEDERAL PLACE ,SANTA FE,NM,87501,87501,41,2014-10-27T14:30:33
83638,22953,16804,0,67010509,MERCANTIL COMMERCEBANK NATIONAL ASSOCIATION,MERCANTIL COMMERCEBANK NATIONAL ASSOCIATION,220 ALHAMBRA CIRCLE 12TH FLOOR,CORAL GABLES,FL,33134,33134,31,2014-11-07T14:14:21
83834,17906,0,0,65205031,AMERICAN BANK & TRUST COMPANY,AMERICAN BANK AND TRUST COMPANY,307 EAST LANDRY STREET ,OPELOUSAS,LA,70570,70570,41,2014-10-21T12:04:08
83852,1675,0,0,91404136,RICHLAND STATE BANK,RICHLAND STATE BANK,602 FIRST STREET ,BRUCE,SD,57220,57220,41,2014-10-22T16:21:10
83955,15255,0,0,84307965,GREENFIELD BANKING COMPANY,GREENFIELD BANKING COMPANY,202 NORTH FRONT STREET ,GREENFIELD,TN,38230,38230,41,2014-10-24T15:20:37
84046,10123,0,0,73921213,FIRST TRUST & SAVINGS BANK,FIRST TRUST AND SAVINGS BANK,1831 2ND STREET ,CORALVILLE,IA,522410760,52241,41,2014-10-24T09:54:49
84251,10652,0,0,104112988,FARMERS STATE BANK,FARMERS STATE BANK,220 EAST NEBRASKA STREET ,EWING,NE,68735,68735,41,2014-10-22T10:43:38
84541,15953,0,0,84202251,GUARANTY BANK AND TRUST COMPANY,GUARANTY BANK AND TRUST COMPANY,210 HAYDEN STREET ,BELZONI,MS,39038,39038,41,2014-10-29T17:56:58
84804,8908,0,0,21309997,CITIZENS BANK OF CAPE VINCENT,CITIZENS BANK OF CAPE VINCENT,154 BROADWAY ,CAPE VINCENT,NY,13618,13618,41,2014-10-22T17:06:24
85052,1167,0,0,102301717,UINTA BANK,UINTA BANK,695 PARKWAY DRIVE ,MOUNTAIN VIEW,WY,82939,82939,41,2014-11-13T14:18:37
85258,8212,0,0,91209441,EXCHANGE STATE BANK,EXCHANGE STATE BANK,310 GABRIELSON ROAD ,LUVERNE,MN,56156,56156,41,2014-10-16T17:28:48
85454,4130,0,0,103109507,BANK OF LAVERNE,BANK OF LAVERNE,111 E JANE JAYROE BLVD ,LAVERNE,OK,73848,73848,41,2014-10-20T14:01:39
85472,28359,701437,1437,231270353,OCEANFIRST BANK,OCEANFIRST BANK,975 HOOPER AVE ,TOMS RIVER,NJ,8753,8753,41,2014-10-30T11:12:12
85931,12609,0,12689,65200803,PATTERSON STATE BANK,PATTERSON STATE BANK,1130 HIGHWAY 90 WEST ,PATTERSON,LA,70392,70392,41,2014-10-07T15:59:27
"86349,14597,0,0,82900982,""UNION BANK OF MENA, THE"",UNION BANK OF MENA,303 HIGHWAY 71 NORTH ,MENA,AR,71953,71953,41,2014-11-12T17:02:01"
86358,11023,0,0,104102707,FRANKLIN STATE BANK,FRANKLIN STATE BANK,1502 M STREET ,FRANKLIN,NE,68939,68939,41,2014-10-17T14:28:12
86554,19813,0,0,84301479,CHESTER COUNTY BANK,CHESTER COUNTY BANK,224 WEST MAIN STREET ,HENDERSON,TN,38340,38340,41,2014-10-17T16:07:36
86675,29613,703758,3758,252071557,ROSEDALE FEDERAL SAVINGS AND LOAN ASSOCIATION,ROSEDALE FEDERAL SAVINGS AND LOAN ASSOCIATION,9616 BELAIR ROAD ,NOTTINGHAM,MD,21236,21236,41,2014-10-30T14:42:15
87047,12836,0,0,71211734,FIRST STATE BANK OF PORTER,FIRST STATE BANK OF PORTER,230 LINCOLN STREET ,PORTER,IN,46304,46304,41,2014-10-21T12:06:00
87159,1168,0,0,102301775,FIRST STATE BANK OF NEWCASTLE,FIRST STATE BANK OF NEWCASTLE,24 NORTH SUMNER ,NEWCASTLE,WY,82701,82701,41,2014-10-30T18:25:53
"87177,29617,703764,3764,243470183,""DOOLIN SECURITY SAVINGS BANK, FSB"",""DOOLIN SECURITY SAVINGS BANK, FEDERAL SAVINGS BANK"",610 N ST RT 2 ,NEW MARTINSVILLE,WV,26155,26155,41,2014-10-28T15:09:41"
87234,4952,2221,9343,64101589,FIRST NATIONAL BANK OF MCMINNVILLE,FIRST NATIONAL BANK OF MCMINNVILLE,200 EAST MAIN STREET ,MC MINNVILLE,TN,37110,37110,41,2014-10-30T10:34:30
"87476,31539,0,7147,242274403,""WILMINGTON SAVINGS BANK, THE"",WILMINGTON SAVINGS BANK,184 N SOUTH ST ,WILMINGTON,OH,45177,45177,41,2014-10-29T14:29:36"
"87579,28368,701452,1452,211370150,""MIDDLESEX FEDERAL SAVINGS, F.A."",""MIDDLESEX FEDERAL SAVINGS, F.A."",1 COLLEGE AVENUE ,SOMERVILLE,MA,2144,2144,41,2014-10-30T09:09:10"
88231,16418,713480,13480,61112364,BANKSOUTH,BANKSOUTH,6340 LAKE OCONEE PARKWAY ,GREENSBORO,GA,30642,30642,41,2014-10-30T15:42:59
88240,18001,0,0,73922364,PANORA STATE BANK,PANORA STATE BANK,120 EAST MAIN ,PANORA,IA,50216,50216,41,2014-10-27T15:27:29
88259,10960,0,0,91903242,JANESVILLE STATE BANK,JANESVILLE STATE BANK,201 NORTH MAIN ,JANESVILLE,MN,56048,56048,41,2014-10-28T16:09:35
88352,16895,0,0,113109377,FIRST STATE BANK OF BEDIAS,FIRST STATE BANK OF BEDIAS,22201 HIGHWAY 90 NORTH ,BEDIAS,TX,77831,77831,41,2014-10-27T15:04:47
88455,18740,0,0,104901597,HEARTLAND BANK,HEARTLAND BANK,896 G STREET ,GENEVA,NE,68361,68361,41,2014-10-28T16:51:15
88530,8807,0,11686,65400603,IBERVILLE BANK,IBERVILLE BANK,23405 EDEN STREET ,PLAQUEMINE,LA,70764,70764,41,2014-10-27T10:00:07
88772,29620,703767,3767,274970584,UNITED COMMUNITY BANK,UNITED COMMUNITY BANK,92 WALNUT STREET ,LAWRENCEBURG,IN,470251840,47025,41,2014-10-29T17:58:54
88950,10176,0,0,91905402,FINANCIAL SECURITY BANK,FINANCIAL SECURITY BANK,1011 ATLANTIC AVE. ,KERKHOVEN,MN,56252,56252,41,2014-10-24T14:11:53
89032,19800,0,12895,65401408,PLAQUEMINE BANK AND TRUST COMPANY,PLAQUEMINE BANK AND TRUST COMPANY,24025 EDEN STREET ,PLAQUEMINE,LA,70764,70764,41,2014-10-27T18:11:27
89135,18136,14882,12652,63106705,FIRST NATIONAL BANK OF WAUCHULA,FIRST NATIONAL BANK OF WAUCHULA,406 NORTH 6TH AVENUE ,WAUCHULA,FL,33873,33873,41,2014-10-10T10:46:41
89751,16902,0,0,107004776,HOME STATE BANK,HOME STATE BANK,2695 WEST EISENHOWER BOULEVARD ,LOVELAND,CO,80537,80537,41,2014-10-28T10:35:03
89854,13809,13972,0,91903404,MINNSTAR BANK NATIONAL ASSOCIATION,MINNSTAR BANK NATIONAL ASSOCIATION,202 N. MAIN ,LAKE CRYSTAL,MN,56055,56055,41,2014-10-30T13:24:57
"89957,3098,7524,0,111909391,""CENDERA BANK, N.A."",""CENDERA BANK, NATIONAL ASSOCIATION"",615 EAST BELLS BOULEVARD ,BELLS,TX,75414,75414,41,2014-10-28T15:40:35"
90047,13990,0,0,73915193,PALO SAVINGS BANK,PALO SAVINGS BANK,606 1ST STREET ,PALO,IA,52324,52324,41,2014-10-08T15:16:17
90177,30812,705957,5957,265371121,FIRST FEDERAL SAVINGS & LOAN ASSOCIATION OF PASCAGOULA-MOSS POINT,FIRST FEDERAL SAVINGS AND LOAN ASSOCIATION OF PASCAGOULA-MOSS POINT,903 JACKSON AVENUE ,PASCAGOULA,MS,395674314,39567,41,2014-10-27T14:54:59
"90328,6861,10834,0,51403766,""GRAYSON NATIONAL BANK, THE"",GRAYSON NATIONAL BANK,113 WEST MAIN STREET ,INDEPENDENCE,VA,24348,24348,41,2014-10-30T12:07:45"
90337,19143,0,10326,65401107,COMMUNITY BANK,COMMUNITY BANK,4626 HIGHWAY 1 ,RACELAND,LA,70394,70394,41,2014-10-23T11:09:34
90579,29624,703773,3773,323270313,FIRST FEDERAL SAVINGS AND LOAN ASSOCIATION OF MCMINNVILLE,FIRST FEDERAL SAVINGS AND LOAN ASSOCIATION OF MCMINNVILLE,118 THIRD STREET ,MCMINNVILLE,OR,97128,97128,41,2014-11-03T17:32:38
90645,12518,0,0,75908001,COMMERCIAL BANK,COMMERCIAL BANK,200 SOUTH FREMONT STREET ,WHITEWATER,WI,53190,53190,41,2014-10-23T17:25:49
90739,19389,0,14832,61213001,SPIVEY STATE BANK,SPIVEY STATE BANK,211 N. MAIN STREET ,SWAINSBORO,GA,30401,30401,41,2014-10-30T15:29:01
"91101,31953,707644,7644,211770200,""LAKE SUNAPEE BANK, FSB"",""LAKE SUNAPEE BANK, FEDERAL SAVINGS BANK"",9 MAIN STREET BOX 29,NEWPORT,NH,3773,3773,41,2014-10-30T09:07:50"
91156,4803,0,0,101101109,CORNERBANK,CORNERBANK,900 MAIN ,WINFIELD,KS,67156,67156,41,2014-11-13T15:10:01
"91615,14523,0,0,41208735,""ANTWERP EXCHANGE BANK COMPANY, THE"",ANTWERP EXCHANGE BANK COMPANY,305 SOUTH MAIN ST ,ANTWERP,OH,45813,45813,41,2014-10-29T13:56:58"
91651,10201,0,0,91905253,SECURITY STATE BANK OF LEWISTON,SECURITY STATE BANK OF LEWISTON,255 EAST MAIN STREET ,LEWISTON,MN,55952,55952,41,2014-10-22T15:27:58
"91754,3099,4241,0,113103687,""FIRST NATIONAL BANK OF BELLVILLE, THE"",FIRST NATIONAL BANK OF BELLVILLE,100 E. MAIN ,BELLVILLE,TX,774181524,77418,41,2014-10-28T16:00:39"
91950,11133,0,0,91400758,FARMERS STATE BANK OF CANTON,FARMERS STATE BANK OF CANTON,220 EAST 5TH STREET ,CANTON,SD,57013,57013,41,2014-10-28T18:51:25
92050,19205,0,0,102101218,MANCOS VALLEY BANK,MANCOS VALLEY BANK,138 NORTH MAIN STREET ,MANCOS,CO,81328,81328,41,2014-10-30T14:25:57
92144,17551,0,0,73922296,COMMUNITY STATE BANK,COMMUNITY STATE BANK,207 SOUTH MAIN STREET ,PATON,IA,50217,50217,41,2014-10-02T10:34:04
92676,29632,703781,3781,211170237,WINDSOR FEDERAL SAVINGS AND LOAN ASSOCIATION,WINDSOR FEDERAL SAVINGS AND LOAN ASSOCIATION,250 BROAD STREET BOX 250,WINDSOR,CT,6095,6095,41,2014-10-30T12:31:51
92706,18028,0,7444,211770145,SUGAR RIVER BANK,SUGAR RIVER BANK,10 NORTH MAIN STREET BOX 569,NEWPORT,NH,3773,3773,41,2014-10-22T11:10:24
92902,9406,0,0,22306847,BANK OF CATTARAUGUS,BANK OF CATTARAUGUS,24 MAIN STREET ,CATTARAUGUS,NY,14719,14719,41,2014-10-23T07:50:04
93244,10011,0,0,75908920,WOODFORD STATE BANK,WOODFORD STATE BANK,2310 COUNTY HIGHWAY M ,WOODFORD,WI,53599,53599,41,2014-10-13T09:45:36
93543,4419,0,0,83909445,SPRINGS VALLEY BANK & TRUST COMPANY,SPRINGS VALLEY BANK AND TRUST COMPANY,505 SOUTH MAPLE STREET ,FRENCH LICK,IN,47432,47432,41,2014-10-27T19:27:31
"93619,24938,18045,0,26009166,""STATE STREET BANK AND TRUST COMPANY, N.A."",""STATE STREET BANK AND TRUST COMPANY, NATIONAL ASSOCIATION"",225 LIBERTY ST TWO WORLD FINANCIAL CENTER,NEW YORK,NY,10281,10281,41,2014-10-30T13:30:57"
"93721,15504,0,0,53906041,""FIRST CITIZENS BANK AND TRUST COMPANY, INC."",""FIRST CITIZENS BANK AND TRUST COMPANY, INC."",1230 MAIN STREET ,COLUMBIA,SC,29201,29201,41,2014-10-30T14:25:59"
93758,5190,12941,0,91215710,FIRST NATIONAL BANK MAHNOMEN TWIN VALLEY,FIRST NATIONAL BANK MAHNOMEN TWIN VALLEY,103 NORTH MAIN STREET ,MAHNOMEN,MN,56557,56557,41,2014-10-30T09:49:46
94139,12203,0,0,65301362,MERCHANTS & MARINE BANK,MERCHANTS AND MARINE BANK,3118 PASCAGOULA STREET ,PASCAGOULA,MS,39567,39567,41,2014-10-30T14:45:41
94456,11469,0,0,104103421,GUIDE ROCK STATE BANK,GUIDE ROCK STATE BANK,401 UNIVERSITY AVENUE ,GUIDE ROCK,NE,68942,68942,41,2014-10-24T10:21:17
94522,20484,0,0,51402482,BENCHMARK COMMUNITY BANK,BENCHMARK COMMUNITY BANK,100 S BROAD STREET ,KENBRIDGE,VA,23944,23944,41,2014-10-27T16:30:59
94755,1169,0,0,102300970,SUNDANCE STATE BANK,SUNDANCE STATE BANK,123 NORTH 2ND STREET ,SUNDANCE,WY,82729,82729,41,2014-10-13T11:55:42
94858,8251,0,0,101217857,ADRIAN BANK,ADRIAN BANK,130 EAST MAIN STREET ,ADRIAN,MO,64720,64720,41,2014-11-03T13:55:46
95051,6078,0,0,91401553,ONE AMERICAN BANK,ONE AMERICAN BANK,515 SOUTH MINNESOTA AVENUE ,SIOUX FALLS,SD,57104,57104,41,2014-10-30T12:21:41
"95659,429,0,0,103104829,""MORRIS STATE BANK, THE"",MORRIS STATE BANK,800 WEST OZARK STREET ,MORRIS,OK,74445,74445,41,2014-10-23T09:58:24"
"95677,28369,701454,1454,211273846,""ROCKLAND SAVINGS BANK, FSB"",""ROCKLAND SAVINGS BANK, FEDERAL SAVINGS BANK"",582 MAIN STREET ,ROCKLAND,ME,4841,4841,41,2014-10-30T15:27:13"
"96553,19809,0,0,104101559,""HERSHEY STATE BANK, THE"",HERSHEY STATE BANK,100 SOUTH LINCOLN ,HERSHEY,NE,69143,69143,41,2014-10-28T16:52:05"
97055,17229,0,0,104913530,HENDERSON STATE BANK,HENDERSON STATE BANK,1040 NORTH MAIN STREET ,HENDERSON,NE,68371,68371,41,2014-10-27T15:12:45
97279,32292,0,8103,243272941,WOODSFIELD SAVINGS BANK,WOODSFIELD SAVINGS BANK,600 LEWISVILLE ROAD ,WOODSFIELD,OH,43793,43793,41,2014-10-15T13:50:40
97457,22601,0,0,101217514,CITIZENS BANK,CITIZENS BANK,13150 NW MAIN STREET ,AMSTERDAM,MO,64723,64723,41,2014-10-28T16:06:11
97804,90253,0,12401,211871015,MOUNTAINONE BANK,MOUNTAINONE BANK,93 MAIN ST ,NORTH ADAMS,MA,1247,1247,41,2014-10-30T09:27:54
97943,15272,0,0,73913674,MARION COUNTY STATE BANK,MARION COUNTY STATE BANK,800 MAIN STREET ,PELLA,IA,50219,50219,41,2014-10-13T11:32:50
"98351,1779,0,0,102103258,""CITIZENS STATE BANK OF OURAY, THE"",CITIZENS STATE BANK OF OURAY,600 MAIN STREET ,OURAY,CO,81427,81427,41,2014-10-27T14:10:29"
98463,17809,0,0,123204013,CITIZENS BANK,CITIZENS BANK,275 SOUTHWEST THIRD STREET ,CORVALLIS,OR,97333,97333,41,2014-10-17T13:41:18
"98717,25749,18431,0,26001465,""EASTBANK, NATIONAL ASSOCIATION"",""EASTBANK, NATIONAL ASSOCIATION"",183 CENTRE STREET ,NEW YORK,NY,10013,10013,41,2014-10-17T15:52:12"
99143,16464,0,0,82907561,MERCHANTS & PLANTERS BANK,MERCHANTS AND PLANTERS BANK,120 HAZEL STREET ,NEWPORT,AR,72112,72112,41,2014-10-29T12:22:58
99255,484,0,0,91405258,FIRST STATE BANK,FIRST STATE BANK,7 EAST HIGHWAY 12 ,GROTON,SD,57445,57445,41,2014-10-17T15:22:42
"99376,32612,708527,8527,242272227,""NCB, FSB"",""NCB, FEDERAL SAVINGS BANK"",139 SOUTH HIGH STREET ,HILLSBORO,OH,45133,45133,41,2014-10-30T11:05:06"
99442,9359,0,0,84200981,BANK OF COMMERCE,BANK OF COMMERCE,310 HOWARD STREET ,GREENWOOD,MS,38930,38930,41,2014-10-24T13:39:59
99536,8432,0,10864,64104311,BANK OF PUTNAM COUNTY,BANK OF PUTNAM COUNTY,140 SOUTH JEFFERSON ,COOKEVILLE,TN,38501,38501,41,2014-10-27T18:29:51
99853,9879,0,0,103008404,FIRST STATE BANK,FIRST STATE BANK,102 NORTH MAIN STREET ,NOBLE,OK,73068,73068,41,2014-10-30T11:04:30
99974,11207,0,0,125102430,BANK OF FAIRFIELD,BANK OF FAIRFIELD,213 EAST MAIN STREET ,FAIRFIELD,WA,99012,99012,41,2014-10-28T14:59:07
100236,16825,0,11665,61212811,SUNMARK COMMUNITY BANK,SUNMARK COMMUNITY BANK,140 COMMERCE STREET ,HAWKINSVILLE,GA,31036,31036,41,2014-10-30T14:07:07
"100357,3108,4265,0,111903290,""LEGEND BANK, N. A."",""LEGEND BANK, N. A."",101 W TARRANT ST ,BOWIE,TX,76230,76230,41,2014-10-29T16:41:22"
100562,21943,0,0,121135045,TRI COUNTIES BANK,TRI COUNTIES BANK,63 CONSTITUTION DRIVE ,CHICO,CA,95973,95973,41,2014-10-29T18:40:20
100777,29672,703866,3866,243373170,CHARLEROI FEDERAL SAVINGS BANK,CHARLEROI FEDERAL SAVINGS BANK,101 MCKEAN AVENUE ,CHARLEROI,PA,15022,15022,41,2014-10-31T13:28:45
100843,1294,0,0,82904991,FNBC BANK,FNBC BANK,636 ASH FLAT DRIVE ,ASH FLAT,AR,72513,72513,41,2014-11-05T17:24:49
101019,19842,0,0,26002794,BANK LEUMI USA,BANK LEUMI USA,579 FIFTH AVENUE ,NEW YORK,NY,10017,10017,31,2014-10-30T14:07:11
101037,8149,0,11973,65402423,FIRST AMERICAN BANK AND TRUST,FIRST AMERICAN BANK AND TRUST,2785 HIGHWAY 20 WEST ,VACHERIE,LA,70090,70090,41,2014-10-29T10:13:43
"101439,15336,0,17630,61211443,""DURDEN BANKING COMPANY, INCORPORATED"",""DURDEN BANKING COMPANY, INCORPORATED"",111 NORTH RAILROAD AVENUE ,TWIN CITY,GA,30471,30471,41,2014-10-14T12:44:32"
101671,28380,0,1473,221371709,ADIRONDACK BANK,ADIRONDACK BANK,185 GENESEE STREET ,UTICA,NY,13501,13501,41,2014-10-28T11:13:39
101738,8552,17038,11309,65303784,GREAT SOUTHERN NATIONAL BANK,GREAT SOUTHERN NATIONAL BANK,218 22ND AVENUE S. ,MERIDIAN,MS,39301,39301,41,2014-10-30T10:34:10
"101952,3109,7827,0,111303492,""BRADY NATIONAL BANK, THE"",BRADY NATIONAL BANK,101 S. BLACKBURN ,BRADY,TX,768254504,76825,41,2014-10-29T10:54:09"
102155,5995,0,0,103104104,STATE GUARANTY BANK,STATE GUARANTY BANK,202 NORTH MAIN STREET ,OKEENE,OK,73763,73763,41,2014-10-22T14:13:32
102173,28379,701472,1472,221972221,HOMETOWN BANK OF THE HUDSON VALLEY,HOMETOWN BANK OF THE HUDSON VALLEY,12-14 MAIN ST ,WALDEN,NY,12586,12586,41,2014-10-30T14:56:43
102333,10074,0,0,61107324,WILKINSON COUNTY BANK,WILKINSON COUNTY BANK,105 EAST BANK STREET ,IRWINTON,GA,31042,31042,41,2014-10-21T15:31:08
102342,245,0,0,73920887,RACCOON VALLEY BANK,RACCOON VALLEY BANK,1202 2ND STREET ,PERRY,IA,502201506,50220,41,2014-10-14T10:15:16
102539,920,0,0,71109707,COMMUNITY BANKS OF SHELBY COUNTY,COMMUNITY BANKS OF SHELBY COUNTY,126 NORTH GRAND ,COWDEN,IL,62422,62422,41,2014-10-10T16:36:59
102557,18761,0,0,104907779,FOUNDATION ONE BANK,FOUNDATION ONE BANK,23804 CEDAR DRIVE ,WATERLOO,NE,68069,68069,41,2014-10-31T17:48:12
102874,29676,0,3871,275971498,PAPER CITY SAVINGS ASSOCIATION,PAPER CITY SAVINGS ASSOCIATION,4200 8TH STREET SOUTH ,WISCONSIN RAPIDS,WI,54494,54494,41,2014-10-30T21:04:09
"103134,1374,0,13288,65404159,""BANK OF COMMERCE, THE"",BANK OF COMMERCE,32460 BOWIE STREET ,WHITE CASTLE,LA,70788,70788,41,2014-10-21T17:40:46"
"103255,4537,1467,0,81500862,""LANDMARK BANK, N. A."",""LANDMARK BANK, N. A."",801 EAST BROADWAY ,COLUMBIA,MO,65201,65201,41,2014-11-14T16:14:01"
103563,17909,0,0,111311840,FIRST STATE BANK OF MOBEETIE,FIRST STATE BANK OF MOBEETIE,1ST & WHEELER ,MOBEETIE,TX,79061,79061,41,2014-10-08T12:07:21
103602,12940,0,0,21310591,STATE BANK OF CHITTENANGO,STATE BANK OF CHITTENANGO,101 FALLS BOULEVARD ,CHITTENANGO,NY,13037,13037,41,2014-10-30T09:29:06
"104234,9030,0,11662,51502913,""HARRISON COUNTY BANK, THE"",HARRISON COUNTY BANK,MAIN STREET ,LOST CREEK,WV,26385,26385,41,2014-10-30T10:42:16"
104542,16318,0,0,71921956,MARSEILLES BANK,MARSEILLES BANK,100 EAST BLUFF STREET ,MARSEILLES,IL,61341,61341,41,2014-10-25T11:29:19
104971,29685,703881,3881,251472759,MARTINSVILLE FIRST SAVINGS BANK,MARTINSVILLE FIRST SAVINGS BANK,25 WEST CHURCH STREET ,MARTINSVILLE,VA,241126217,24112,41,2014-10-29T12:59:48
"105026,5885,0,0,52102901,""FARMERS BANK OF WILLARDS, THE"",FARMERS BANK OF WILLARDS,7484 MARKET ST ,WILLARDS,MD,21874,21874,41,2014-10-29T16:42:16"
"105053,1176,0,16062,111909676,""FIRST STAR BANK, S.S.B."",""FIRST STAR BANK, S.S.B."",109 COMMERCE ST ,BREMOND,TX,76629,76629,41,2014-10-24T14:55:13"
"105071,30869,0,6037,255072029,""PATAPSCO BANK, THE"",PATAPSCO BANK,1301 MERRITT BOULEVARD ,DUNDALK,MD,212222194,21222,41,2014-10-28T12:30:39"
105222,22331,0,16200,51404037,VIRGINIA COMMUNITY BANK,VIRGINIA COMMUNITY BANK,408 EAST MAIN STREET ,LOUISA,VA,23093,23093,41,2014-11-04T16:46:46
105473,29683,703879,3879,264271390,HOME FEDERAL BANK OF TENNESSEE,HOME FEDERAL BANK OF TENNESSEE,515 MARKET STREET ,KNOXVILLE,TN,379022118,37902,41,2014-10-30T09:15:16
105530,13775,0,0,64202844,FARMERS STATE BANK,FARMERS STATE BANK,100 WEST MAIN STREET ,MOUNTAIN CITY,TN,37683,37683,41,2014-10-30T15:03:33
"106359,23473,17045,0,103002691,""FIRST FIDELITY BANK, NATIONAL ASSOCIATION"",""FIRST FIDELITY BANK, NATIONAL ASSOCIATION"",5101 NORTH CLASSEN BOULEVARD ,OKLAHOMA CITY,OK,73118,73118,41,2014-10-24T12:34:23"
106377,28395,0,1504,231270654,CAPE BANK,CAPE BANK,225 NORTH MAIN STREET ,CAPE MAY COURT HOUSE,NJ,8210,8210,41,2014-10-29T08:40:11
"106452,12594,0,0,107000068,""PUEBLO BANK AND TRUST COMPANY, THE"",PUEBLO BANK AND TRUST COMPANY,301 WEST 5TH STREET ,PUEBLO,CO,81003,81003,41,2014-10-29T13:14:20"
"106519,13223,0,0,44107600,""CITIZENS BANK OF ASHVILLE, OHIO, THE"",""CITIZENS BANK OF ASHVILLE, OHIO"",26 E. MAIN STREET ,ASHVILLE,OH,431031512,43103,41,2014-10-29T09:02:19"
106676,30878,0,6049,211273752,BAR HARBOR SAVINGS AND LOAN ASSOCIATION,BAR HARBOR SAVINGS AND LOAN ASSOCIATION,103 MAIN STREET ,BAR HARBOR,ME,4609,4609,41,2014-10-30T11:10:42
107226,10032,13871,0,43309713,COMMUNITY NATIONAL BANK OF NORTHWESTERN PENNSYLVANIA,COMMUNITY NATIONAL BANK OF NORTHWESTERN PENNSYLVANIA,53 E STATE ST ,ALBION,PA,16401,16401,41,2014-10-28T14:50:45
107244,110,0,0,82907273,BANK OF THE OZARKS,BANK OF THE OZARKS,17901 CHENAL PARKWAY ,LITTLE ROCK,AR,72223,72223,41,2014-10-31T01:56:25
"107459,9374,0,0,101909398,""CORDER BANK, THE"",CORDER BANK,227 NORTH LAFAYETTE STREET ,CORDER,MO,64021,64021,41,2014-10-29T11:29:53"
107570,29690,0,0,274970380,FIRST FEDERAL SAVINGS BANK,FIRST FEDERAL SAVINGS BANK,648 NORTH JEFFERSON STREET ,HUNTINGTON,IN,46750,46750,41,2014-10-22T11:47:04
107758,10993,0,0,91904924,BONANZA VALLEY STATE BANK,BONANZA VALLEY STATE BANK,147 CENTRAL AVENUE SOUTH ,BROOTEN,MN,56316,56316,41,2014-10-17T12:33:20
108072,29696,0,0,302373011,BUFFALO FEDERAL BANK,BUFFALO FEDERAL BANK,106 FORT STREET ,BUFFALO,WY,82834,82834,41,2014-10-23T18:05:01
"108269,3351,5774,0,111907348,""FIRST NATIONAL BANK OF MOODY, THE"",FIRST NATIONAL BANK OF MOODY,7TH STREET AT AVENUE D ,MOODY,TX,76557,76557,41,2014-10-29T17:36:24"
108474,28411,701538,1538,265070574,BANK OF NEW ORLEANS,BANK OF NEW ORLEANS,1600 VETERANS HIGHWAY ,METAIRIE,LA,70005,70005,41,2014-10-30T13:29:27
"108652,5105,11622,0,91206745,""FIRST NATIONAL BANK OF BUHL, THE"",FIRST NATIONAL BANK OF BUHL,8355 UNITY DRIVE ,MOUNTAIN IRON,MN,55792,55792,41,2014-10-30T15:38:47"
108746,16198,14492,0,71121772,MASON CITY NATIONAL BANK,MASON CITY NATIONAL BANK,104 WEST PINE STREET ,MASON CITY,IL,62664,62664,41,2014-10-27T15:04:01
108951,16221,0,0,91408035,RELIABANK DAKOTA,RELIABANK DAKOTA,211 N. MAIN ,ESTELLINE,SD,57234,57234,41,2014-10-24T09:34:23
109136,25795,0,17475,61103153,PEOPLES BANK & TRUST,PEOPLES BANK AND TRUST,1899 BUFORD HIGHWAY ,BUFORD,GA,30518,30518,41,2014-10-28T10:52:45
109154,9728,0,0,91906760,FIRST SECURITY BANK,FIRST SECURITY BANK,316 BYRON AVE. N. ,BYRON,MN,55920,55920,41,2014-10-08T15:09:47
109453,496,0,0,91408514,BANKSTAR FINANCIAL,BANKSTAR FINANCIAL,124 ELK STREET ,ELKTON,SD,57026,57026,41,2014-10-23T10:48:48
109574,26411,0,4530,211370053,HAVERHILL BANK,HAVERHILL BANK,180 MERRIMACK STREET ,HAVERHILL,MA,1830,1830,41,2014-10-27T10:33:29
109659,15059,14328,0,111101225,FIRST NATIONAL BANK,FIRST NATIONAL BANK,1890 NORTH RAILROAD AVENUE ,ARCADIA,LA,71001,71001,41,2014-10-29T17:51:02
"109686,35448,715954,15954,322278183,SIMPLICITY BANK,SIMPLICITY BANK,""650 SOUTH GRAND AVENUE, SUITE 105 "",GLENDORA,CA,91740,91740,41,2014-10-30T12:10:57"
110413,5962,0,0,41208777,SUTTON BANK,SUTTON BANK,1 SOUTH MAIN STREET ,ATTICA,OH,44807,44807,41,2014-10-16T14:28:20
110936,26725,0,14878,67012688,BANCO DO BRASIL AMERICAS,BANCO DO BRASIL AMERICAS,800 BRICKELL AVE. SUITE 103,MIAMI,FL,33131,33131,41,2014-10-30T08:07:18
110945,9309,0,0,83903580,UNITED SOUTHERN BANK,UNITED SOUTHERN BANK,1813 EAST NINTH STREET ,HOPKINSVILLE,KY,42240,42240,41,2014-10-22T16:57:58
110972,29710,703932,3932,281372007,FIRST FEDERAL SAVINGS BANK OF WASHINGTON,FIRST FEDERAL SAVINGS BANK OF WASHINGTON,439 SOUTH STATE ROAD 57 ,WASHINGTON,IN,47501,47501,41,2014-10-29T14:29:08
111157,19087,0,0,104113835,BANK OF LINDSAY,BANK OF LINDSAY,101 PINE ST ,LINDSAY,NE,68644,68644,41,2014-10-09T14:55:57
111205,17115,0,7706,211274599,SANFORD INSTITUTION FOR SAVINGS,SANFORD INSTITUTION FOR SAVINGS,900  MAIN STREET ,SANFORD,ME,4073,4073,41,2014-10-29T14:28:10
"111661,3355,5409,0,111904192,""FIRST NATIONAL BANK OF MOUNT VERNON, THE"",FIRST NATIONAL BANK OF MOUNT VERNON,101 WEST MAIN STREET ,MOUNT VERNON,TX,75457,75457,41,2014-10-30T13:30:59"
"111942,5286,4620,0,75902007,""FIRST NATIONAL BANK OF BERLIN, THE"",FIRST NATIONAL BANK OF BERLIN,140 WEST HURON ,BERLIN,WI,54923,54923,41,2014-10-30T14:54:13"
111979,13232,0,0,125100607,SECURITY STATE BANK,SECURITY STATE BANK,1930 SOUTH GOLD STREET ,CENTRALIA,WA,98531,98531,41,2014-10-29T17:48:24
"112163,1208,25053,0,111915327,""GUARANTY BANK & TRUST, N.A."",""GUARANTY BANK AND TRUST, NATIONAL ASSOCIATION"",100 WEST ARKANSAS STREET ,MOUNT PLEASANT,TX,75455,75455,41,2014-10-28T15:05:45"
112332,2804,7592,15155,62101882,FIRST NATIONAL BANK OF HARTFORD,FIRST NATIONAL BANK OF HARTFORD,101 SOUTH THIRD AVENUE ,HARTFORD,AL,36344,36344,41,2014-10-28T18:12:19
112444,15121,0,0,75902968,JACKSON COUNTY BANK,JACKSON COUNTY BANK,8 MAIN STREET ,BLACK RIVER FALLS,WI,54615,54615,41,2014-10-29T17:14:46
"112510,17759,0,0,41208803,""BALTIC STATE BANK, THE"",BALTIC STATE BANK,101 EAST MAIN ,BALTIC,OH,43804,43804,41,2014-10-28T11:03:27"
112556,8858,0,0,91206842,STATE BANK OF CHANDLER,STATE BANK OF CHANDLER,342 MAIN AVENUE ,CHANDLER,MN,56122,56122,41,2014-10-10T14:37:31
"112837,4297,13688,11780,56073502,""CAPITAL ONE, NATIONAL ASSOCIATION"",""CAPITAL ONE, NATIONAL ASSOCIATION"",1680 CAPITAL ONE DRIVE ,MC LEAN,VA,22102,22102,31,2014-10-29T17:50:40"
113003,18227,0,10564,211174262,STAFFORD SAVINGS BANK,STAFFORD SAVINGS BANK,2 FURNACE AVE BOX 25,STAFFORD SPRINGS,CT,6076,6076,41,2014-10-24T09:06:03
113030,19720,0,16064,61211197,FARMERS STATE BANK,FARMERS STATE BANK,1620 VETERANS BLVD. ,DUBLIN,GA,31021,31021,41,2014-10-28T15:22:23
113441,14578,0,0,74910854,FARMERS STATE BANK,FARMERS STATE BANK,220 SOUTH DETROIT STREET ,LAGRANGE,IN,46761,46761,41,2014-10-29T09:45:25
113601,24540,0,0,11401850,BANK OF NEW ENGLAND,BANK OF NEW ENGLAND,31 PELHAM ROAD ,SALEM,NH,3079,3079,41,2014-10-24T10:29:07
113740,15032,0,0,72410165,FIRST STATE BANK,FIRST STATE BANK,16100 EAST NINE MILE ROAD ,EASTPOINTE,MI,480210305,48021,41,2014-10-22T16:04:14
113937,46,0,0,62203078,MERCHANTS BANK OF ALABAMA,MERCHANTS BANK OF ALABAMA,900 SECOND AVENUE S.W. ,CULLMAN,AL,35055,35055,41,2014-10-17T12:04:08
114149,12513,0,0,75906838,HERITAGE BANK,HERITAGE BANK,201 WEST CLARK STREET ,SPENCER,WI,544790135,54479,41,2014-10-22T15:35:08
114158,4717,6720,0,101102836,FIRST NATIONAL BANK OF LIBERAL,FIRST NATIONAL BANK OF LIBERAL,1700 NORTH LINCOLN AVENUE ,LIBERAL,KS,67901,67901,41,2014-10-30T13:45:39
114251,10184,0,0,91214478,F&M BANK MINNESOTA,FANDM BANK MINNESOTA,815 EAST DEPUE AVENUE ,OLIVIA,MN,56277,56277,41,2014-10-10T15:17:55
114260,16130,12072,0,125200060,FIRST NATIONAL BANK ALASKA,FIRST NATIONAL BANK ALASKA,646 WEST FOURTH AVENUE ,ANCHORAGE,AK,99501,99501,41,2014-10-30T18:12:11
"114457,4086,9952,0,103101576,""FIRST NATIONAL BANK & TRUST, ELK CITY, OKLAHOMA"",""FIRST NATIONAL BANK AND TRUST, ELK CITY, OKLAHOMA"",2714 WEST THIRD STREET ,ELK CITY,OK,73644,73644,41,2014-10-17T15:48:10"
"114774,30332,0,5179,265270002,""ABBEVILLE BUILDING AND LOAN, A STATE CHARTERED SAVINGS BANK"",""ABBEVILLE BUILDING AND LOAN, A STATE CHARTERED SAVINGS BANK"",1212 CHARITY STREET ,ABBEVILLE,LA,70510,70510,41,2014-10-30T14:50:23"
114840,13632,0,0,82902430,FIRST STATE BANK,FIRST STATE BANK,3103 EAST MAIN ,RUSSELLVILLE,AR,72802,72802,41,2014-11-14T16:27:39
114859,5438,0,0,104901827,FIRST BANK AND TRUST COMPANY,FIRST BANK AND TRUST COMPANY,315 EAST 4TH STREET ,MINDEN,NE,68959,68959,41,2014-10-22T13:08:04
"115100,2526,497,0,11102353,""FIRST NATIONAL BANK OF SUFFIELD, THE"",FIRST NATIONAL BANK OF SUFFIELD,30 BRIDGE STREET ,SUFFIELD,CT,6078,6078,41,2014-10-21T11:47:04"
115146,17259,0,0,73907774,ST. ANSGAR STATE BANK,ST. ANSGAR STATE BANK,237 WEST FOURTH STREET ,SAINT ANSGAR,IA,50472,50472,41,2014-10-27T16:00:45
115575,26591,0,8348,211372103,WEYMOUTH BANK,WEYMOUTH BANK,744 BROAD STREET ,EAST WEYMOUTH,MA,2189,2189,41,2014-10-29T17:32:10
116077,26575,0,5361,211371492,S-BANK,S-BANK,195 WASHINGTON STREET ,WEYMOUTH,MA,2188,2188,41,2014-10-29T15:13:18
116358,12444,0,0,91904830,STATE BANK OF COLD SPRING,STATE BANK OF COLD SPRING,401 MAIN ST. ,COLD SPRING,MN,56320,56320,41,2014-10-22T15:53:20
116554,18924,0,0,103107402,FIRST STATE BANK,FIRST STATE BANK,206 SOUTH MAIN STREET ,ELMORE CITY,OK,73433,73433,41,2014-10-27T17:54:05
116639,8558,0,0,65305326,BANK OF WALNUT GROVE,BANK OF WALNUT GROVE,101 CHADWICK AVENUE ,WALNUT GROVE,MS,39189,39189,41,2014-10-22T15:00:36
116732,5712,0,0,61203338,CITIZENS BANK,CITIZENS BANK,600 NORTH BROAD ,CAIRO,GA,39828,39828,41,2014-10-14T15:08:06
116741,14247,0,0,73918608,UNITED BANK AND TRUST COMPANY,UNITED BANK AND TRUST COMPANY,400 CENTRAL AVENUE EAST ,HAMPTON,IA,50441,50441,41,2014-10-15T15:58:04
"116871,30330,705174,0,281070985,""FIRST CLOVER LEAF BANK, NATIONAL ASSOCIATION"",""FIRST CLOVER LEAF BANK, NATIONAL ASSOCIATION"",6814 GOSHEN ROAD ,EDWARDSVILLE,IL,62025,62025,41,2014-10-29T10:48:35"
117038,2805,0,11114,62102030,HNB FIRST BANK,HNB FIRST BANK,40 MAIN STREET ,HEADLAND,AL,36345,36345,41,2014-10-28T15:23:01
117074,28481,701673,1673,211370626,COLONIAL FEDERAL SAVINGS BANK,COLONIAL FEDERAL SAVINGS BANK,15 BEACH STREET ,QUINCY,MA,2170,2170,41,2014-10-24T11:24:57
117458,20130,0,0,104901652,BANKFIRST,BANKFIRST,100 NORTH 13TH STREET ,NORFOLK,NE,68701,68701,41,2014-10-15T12:36:46
117672,26549,0,16337,211371845,ABINGTON BANK,ABINGTON BANK,6 HARRISON AVENUE ,ABINGTON,MA,2351,2351,41,2014-10-30T14:02:33
"117775,29731,0,3971,262285663,""SOUTHERN BANK COMPANY, THE"",SOUTHERN BANK COMPANY,221 SOUTH 6TH STREET ,GADSDEN,AL,35901,35901,41,2014-10-27T19:13:55"
118156,9172,0,0,84303545,SECURITY BANK AND TRUST COMPANY,SECURITY BANK AND TRUST COMPANY,210 WEST WASHINGTON STREET ,PARIS,TN,38242,38242,41,2014-10-28T22:13:33
118660,26271,0,0,322285480,HOME BANK OF CALIFORNIA,HOME BANK OF CALIFORNIA,4493 RUFFIN ROAD ,SAN DIEGO,CA,92123,92123,41,2014-10-28T18:19:47
118736,11431,0,14695,65300790,BANK OF YAZOO CITY,BANK OF YAZOO CITY,104 N. MAIN STREET ,YAZOO CITY,MS,39194,39194,41,2014-10-24T18:17:45
"119153,14966,14315,0,103100179,""SECURITY NATIONAL BANK OF ENID, THE"",SECURITY NATIONAL BANK OF ENID,201 WEST BROADWAY ,ENID,OK,73701,73701,41,2014-10-28T15:53:49"
"119528,7875,5481,0,43310139,""FARMERS NATIONAL BANK OF EMLENTON, THE"",FARMERS NATIONAL BANK OF EMLENTON,612 MAIN STREET ,EMLENTON,PA,16373,16373,41,2014-10-29T15:22:22"
"119779,26517,0,1456,211371641,CAPE COD CO-OPERATIVE BANK,CAPE COD CO-OPERATIVE BANK,""121 MAIN STREET, ROUTE 6A "",YARMOUTH PORT,MA,2675,2675,41,2014-10-24T15:32:55"
119872,29744,703997,3997,211470018,FEDERAL SAVINGS BANK,FEDERAL SAVINGS BANK,633 CENTRAL AVENUE BOX 1099,DOVER,NH,3820,3820,41,2014-10-29T16:37:38
120476,28507,701735,1735,301070852,ARGENTINE FEDERAL SAVINGS,ARGENTINE FEDERAL SAVINGS,3004 STRONG AVENUE ,KANSAS CITY,KS,66106,66106,41,2014-10-16T12:28:22
120542,12331,0,0,75903200,STATE BANK OF CHILTON,STATE BANK OF CHILTON,26 EAST MAIN STREET ,CHILTON,WI,530140149,53014,41,2014-10-20T15:13:47
120609,18258,0,10783,211174259,THOMASTON SAVINGS BANK,THOMASTON SAVINGS BANK,203 MAIN STREET BOX 907,THOMASTON,CT,6787,6787,41,2014-10-30T16:28:57
120953,1686,0,0,91409296,FARMERS STATE BANK,FARMERS STATE BANK,103 WEST MAIN ,PARKSTON,SD,57366,57366,41,2014-10-28T09:31:11
